DesignName,ParticipantID,TrialID,Block1,Block2,Block3,C,R,S
Experiment 3: Inner,1,1,1,1,1,Line,R_0_1,S_0_8
Experiment 3: Inner,1,2,1,1,2,Line,R_0_1,S_0_1
Experiment 3: Inner,1,3,1,1,3,Line,R_0_1,S_0_2
Experiment 3: Inner,1,4,1,1,4,Line,R_0_1,S_0_1
Experiment 3: Inner,1,5,1,1,5,Line,R_0_1,S_0_2
Experiment 3: Inner,1,6,1,1,6,Line,R_0_1,S_0_4
Experiment 3: Inner,1,7,1,1,7,Line,R_0_1,S_0_8
Experiment 3: Inner,1,8,1,1,8,Line,R_0_1,S_0_4
Experiment 3: Inner,1,9,1,2,1,Line,R_0_2,S_0_8
Experiment 3: Inner,1,10,1,2,2,Line,R_0_2,S_0_1
Experiment 3: Inner,1,11,1,2,3,Line,R_0_2,S_0_2
Experiment 3: Inner,1,12,1,2,4,Line,R_0_2,S_0_1
Experiment 3: Inner,1,13,1,2,5,Line,R_0_2,S_0_2
Experiment 3: Inner,1,14,1,2,6,Line,R_0_2,S_0_4
Experiment 3: Inner,1,15,1,2,7,Line,R_0_2,S_0_8
Experiment 3: Inner,1,16,1,2,8,Line,R_0_2,S_0_4
Experiment 3: Inner,1,17,1,3,1,Line,R_0_15,S_0_8
Experiment 3: Inner,1,18,1,3,2,Line,R_0_15,S_0_1
Experiment 3: Inner,1,19,1,3,3,Line,R_0_15,S_0_2
Experiment 3: Inner,1,20,1,3,4,Line,R_0_15,S_0_1
Experiment 3: Inner,1,21,1,3,5,Line,R_0_15,S_0_2
Experiment 3: Inner,1,22,1,3,6,Line,R_0_15,S_0_4
Experiment 3: Inner,1,23,1,3,7,Line,R_0_15,S_0_8
Experiment 3: Inner,1,24,1,3,8,Line,R_0_15,S_0_4
Experiment 3: Inner,1,25,1,4,1,Line,R_0_05,S_0_8
Experiment 3: Inner,1,26,1,4,2,Line,R_0_05,S_0_1
Experiment 3: Inner,1,27,1,4,3,Line,R_0_05,S_0_2
Experiment 3: Inner,1,28,1,4,4,Line,R_0_05,S_0_1
Experiment 3: Inner,1,29,1,4,5,Line,R_0_05,S_0_2
Experiment 3: Inner,1,30,1,4,6,Line,R_0_05,S_0_4
Experiment 3: Inner,1,31,1,4,7,Line,R_0_05,S_0_8
Experiment 3: Inner,1,32,1,4,8,Line,R_0_05,S_0_4
Experiment 3: Inner,1,33,2,1,1,Scatter,R_0_1,S_0_8
Experiment 3: Inner,1,34,2,1,2,Scatter,R_0_1,S_0_1
Experiment 3: Inner,1,35,2,1,3,Scatter,R_0_1,S_0_2
Experiment 3: Inner,1,36,2,1,4,Scatter,R_0_1,S_0_1
Experiment 3: Inner,1,37,2,1,5,Scatter,R_0_1,S_0_2
Experiment 3: Inner,1,38,2,1,6,Scatter,R_0_1,S_0_4
Experiment 3: Inner,1,39,2,1,7,Scatter,R_0_1,S_0_8
Experiment 3: Inner,1,40,2,1,8,Scatter,R_0_1,S_0_4
Experiment 3: Inner,1,41,2,2,1,Scatter,R_0_2,S_0_8
Experiment 3: Inner,1,42,2,2,2,Scatter,R_0_2,S_0_1
Experiment 3: Inner,1,43,2,2,3,Scatter,R_0_2,S_0_2
Experiment 3: Inner,1,44,2,2,4,Scatter,R_0_2,S_0_1
Experiment 3: Inner,1,45,2,2,5,Scatter,R_0_2,S_0_2
Experiment 3: Inner,1,46,2,2,6,Scatter,R_0_2,S_0_4
Experiment 3: Inner,1,47,2,2,7,Scatter,R_0_2,S_0_8
Experiment 3: Inner,1,48,2,2,8,Scatter,R_0_2,S_0_4
Experiment 3: Inner,1,49,2,3,1,Scatter,R_0_15,S_0_8
Experiment 3: Inner,1,50,2,3,2,Scatter,R_0_15,S_0_1
Experiment 3: Inner,1,51,2,3,3,Scatter,R_0_15,S_0_2
Experiment 3: Inner,1,52,2,3,4,Scatter,R_0_15,S_0_1
Experiment 3: Inner,1,53,2,3,5,Scatter,R_0_15,S_0_2
Experiment 3: Inner,1,54,2,3,6,Scatter,R_0_15,S_0_4
Experiment 3: Inner,1,55,2,3,7,Scatter,R_0_15,S_0_8
Experiment 3: Inner,1,56,2,3,8,Scatter,R_0_15,S_0_4
Experiment 3: Inner,1,57,2,4,1,Scatter,R_0_05,S_0_8
Experiment 3: Inner,1,58,2,4,2,Scatter,R_0_05,S_0_1
Experiment 3: Inner,1,59,2,4,3,Scatter,R_0_05,S_0_2
Experiment 3: Inner,1,60,2,4,4,Scatter,R_0_05,S_0_1
Experiment 3: Inner,1,61,2,4,5,Scatter,R_0_05,S_0_2
Experiment 3: Inner,1,62,2,4,6,Scatter,R_0_05,S_0_4
Experiment 3: Inner,1,63,2,4,7,Scatter,R_0_05,S_0_8
Experiment 3: Inner,1,64,2,4,8,Scatter,R_0_05,S_0_4
Experiment 3: Inner,1,65,3,1,1,Area,R_0_1,S_0_8
Experiment 3: Inner,1,66,3,1,2,Area,R_0_1,S_0_1
Experiment 3: Inner,1,67,3,1,3,Area,R_0_1,S_0_2
Experiment 3: Inner,1,68,3,1,4,Area,R_0_1,S_0_1
Experiment 3: Inner,1,69,3,1,5,Area,R_0_1,S_0_2
Experiment 3: Inner,1,70,3,1,6,Area,R_0_1,S_0_4
Experiment 3: Inner,1,71,3,1,7,Area,R_0_1,S_0_8
Experiment 3: Inner,1,72,3,1,8,Area,R_0_1,S_0_4
Experiment 3: Inner,1,73,3,2,1,Area,R_0_2,S_0_8
Experiment 3: Inner,1,74,3,2,2,Area,R_0_2,S_0_1
Experiment 3: Inner,1,75,3,2,3,Area,R_0_2,S_0_2
Experiment 3: Inner,1,76,3,2,4,Area,R_0_2,S_0_1
Experiment 3: Inner,1,77,3,2,5,Area,R_0_2,S_0_2
Experiment 3: Inner,1,78,3,2,6,Area,R_0_2,S_0_4
Experiment 3: Inner,1,79,3,2,7,Area,R_0_2,S_0_8
Experiment 3: Inner,1,80,3,2,8,Area,R_0_2,S_0_4
Experiment 3: Inner,1,81,3,3,1,Area,R_0_15,S_0_8
Experiment 3: Inner,1,82,3,3,2,Area,R_0_15,S_0_1
Experiment 3: Inner,1,83,3,3,3,Area,R_0_15,S_0_2
Experiment 3: Inner,1,84,3,3,4,Area,R_0_15,S_0_1
Experiment 3: Inner,1,85,3,3,5,Area,R_0_15,S_0_2
Experiment 3: Inner,1,86,3,3,6,Area,R_0_15,S_0_4
Experiment 3: Inner,1,87,3,3,7,Area,R_0_15,S_0_8
Experiment 3: Inner,1,88,3,3,8,Area,R_0_15,S_0_4
Experiment 3: Inner,1,89,3,4,1,Area,R_0_05,S_0_8
Experiment 3: Inner,1,90,3,4,2,Area,R_0_05,S_0_1
Experiment 3: Inner,1,91,3,4,3,Area,R_0_05,S_0_2
Experiment 3: Inner,1,92,3,4,4,Area,R_0_05,S_0_1
Experiment 3: Inner,1,93,3,4,5,Area,R_0_05,S_0_2
Experiment 3: Inner,1,94,3,4,6,Area,R_0_05,S_0_4
Experiment 3: Inner,1,95,3,4,7,Area,R_0_05,S_0_8
Experiment 3: Inner,1,96,3,4,8,Area,R_0_05,S_0_4
Experiment 3: Inner,2,97,1,1,1,Area,R_0_1,S_0_8
Experiment 3: Inner,2,98,1,1,2,Area,R_0_1,S_0_1
Experiment 3: Inner,2,99,1,1,3,Area,R_0_1,S_0_2
Experiment 3: Inner,2,100,1,1,4,Area,R_0_1,S_0_1
Experiment 3: Inner,2,101,1,1,5,Area,R_0_1,S_0_2
Experiment 3: Inner,2,102,1,1,6,Area,R_0_1,S_0_4
Experiment 3: Inner,2,103,1,1,7,Area,R_0_1,S_0_8
Experiment 3: Inner,2,104,1,1,8,Area,R_0_1,S_0_4
Experiment 3: Inner,2,105,1,2,1,Area,R_0_2,S_0_8
Experiment 3: Inner,2,106,1,2,2,Area,R_0_2,S_0_1
Experiment 3: Inner,2,107,1,2,3,Area,R_0_2,S_0_2
Experiment 3: Inner,2,108,1,2,4,Area,R_0_2,S_0_1
Experiment 3: Inner,2,109,1,2,5,Area,R_0_2,S_0_2
Experiment 3: Inner,2,110,1,2,6,Area,R_0_2,S_0_4
Experiment 3: Inner,2,111,1,2,7,Area,R_0_2,S_0_8
Experiment 3: Inner,2,112,1,2,8,Area,R_0_2,S_0_4
Experiment 3: Inner,2,113,1,3,1,Area,R_0_15,S_0_8
Experiment 3: Inner,2,114,1,3,2,Area,R_0_15,S_0_1
Experiment 3: Inner,2,115,1,3,3,Area,R_0_15,S_0_2
Experiment 3: Inner,2,116,1,3,4,Area,R_0_15,S_0_1
Experiment 3: Inner,2,117,1,3,5,Area,R_0_15,S_0_2
Experiment 3: Inner,2,118,1,3,6,Area,R_0_15,S_0_4
Experiment 3: Inner,2,119,1,3,7,Area,R_0_15,S_0_8
Experiment 3: Inner,2,120,1,3,8,Area,R_0_15,S_0_4
Experiment 3: Inner,2,121,1,4,1,Area,R_0_05,S_0_8
Experiment 3: Inner,2,122,1,4,2,Area,R_0_05,S_0_1
Experiment 3: Inner,2,123,1,4,3,Area,R_0_05,S_0_2
Experiment 3: Inner,2,124,1,4,4,Area,R_0_05,S_0_1
Experiment 3: Inner,2,125,1,4,5,Area,R_0_05,S_0_2
Experiment 3: Inner,2,126,1,4,6,Area,R_0_05,S_0_4
Experiment 3: Inner,2,127,1,4,7,Area,R_0_05,S_0_8
Experiment 3: Inner,2,128,1,4,8,Area,R_0_05,S_0_4
Experiment 3: Inner,2,129,2,1,1,Line,R_0_1,S_0_8
Experiment 3: Inner,2,130,2,1,2,Line,R_0_1,S_0_1
Experiment 3: Inner,2,131,2,1,3,Line,R_0_1,S_0_2
Experiment 3: Inner,2,132,2,1,4,Line,R_0_1,S_0_1
Experiment 3: Inner,2,133,2,1,5,Line,R_0_1,S_0_2
Experiment 3: Inner,2,134,2,1,6,Line,R_0_1,S_0_4
Experiment 3: Inner,2,135,2,1,7,Line,R_0_1,S_0_8
Experiment 3: Inner,2,136,2,1,8,Line,R_0_1,S_0_4
Experiment 3: Inner,2,137,2,2,1,Line,R_0_2,S_0_8
Experiment 3: Inner,2,138,2,2,2,Line,R_0_2,S_0_1
Experiment 3: Inner,2,139,2,2,3,Line,R_0_2,S_0_2
Experiment 3: Inner,2,140,2,2,4,Line,R_0_2,S_0_1
Experiment 3: Inner,2,141,2,2,5,Line,R_0_2,S_0_2
Experiment 3: Inner,2,142,2,2,6,Line,R_0_2,S_0_4
Experiment 3: Inner,2,143,2,2,7,Line,R_0_2,S_0_8
Experiment 3: Inner,2,144,2,2,8,Line,R_0_2,S_0_4
Experiment 3: Inner,2,145,2,3,1,Line,R_0_15,S_0_8
Experiment 3: Inner,2,146,2,3,2,Line,R_0_15,S_0_1
Experiment 3: Inner,2,147,2,3,3,Line,R_0_15,S_0_2
Experiment 3: Inner,2,148,2,3,4,Line,R_0_15,S_0_1
Experiment 3: Inner,2,149,2,3,5,Line,R_0_15,S_0_2
Experiment 3: Inner,2,150,2,3,6,Line,R_0_15,S_0_4
Experiment 3: Inner,2,151,2,3,7,Line,R_0_15,S_0_8
Experiment 3: Inner,2,152,2,3,8,Line,R_0_15,S_0_4
Experiment 3: Inner,2,153,2,4,1,Line,R_0_05,S_0_8
Experiment 3: Inner,2,154,2,4,2,Line,R_0_05,S_0_1
Experiment 3: Inner,2,155,2,4,3,Line,R_0_05,S_0_2
Experiment 3: Inner,2,156,2,4,4,Line,R_0_05,S_0_1
Experiment 3: Inner,2,157,2,4,5,Line,R_0_05,S_0_2
Experiment 3: Inner,2,158,2,4,6,Line,R_0_05,S_0_4
Experiment 3: Inner,2,159,2,4,7,Line,R_0_05,S_0_8
Experiment 3: Inner,2,160,2,4,8,Line,R_0_05,S_0_4
Experiment 3: Inner,2,161,3,1,1,Scatter,R_0_1,S_0_8
Experiment 3: Inner,2,162,3,1,2,Scatter,R_0_1,S_0_1
Experiment 3: Inner,2,163,3,1,3,Scatter,R_0_1,S_0_2
Experiment 3: Inner,2,164,3,1,4,Scatter,R_0_1,S_0_1
Experiment 3: Inner,2,165,3,1,5,Scatter,R_0_1,S_0_2
Experiment 3: Inner,2,166,3,1,6,Scatter,R_0_1,S_0_4
Experiment 3: Inner,2,167,3,1,7,Scatter,R_0_1,S_0_8
Experiment 3: Inner,2,168,3,1,8,Scatter,R_0_1,S_0_4
Experiment 3: Inner,2,169,3,2,1,Scatter,R_0_2,S_0_8
Experiment 3: Inner,2,170,3,2,2,Scatter,R_0_2,S_0_1
Experiment 3: Inner,2,171,3,2,3,Scatter,R_0_2,S_0_2
Experiment 3: Inner,2,172,3,2,4,Scatter,R_0_2,S_0_1
Experiment 3: Inner,2,173,3,2,5,Scatter,R_0_2,S_0_2
Experiment 3: Inner,2,174,3,2,6,Scatter,R_0_2,S_0_4
Experiment 3: Inner,2,175,3,2,7,Scatter,R_0_2,S_0_8
Experiment 3: Inner,2,176,3,2,8,Scatter,R_0_2,S_0_4
Experiment 3: Inner,2,177,3,3,1,Scatter,R_0_15,S_0_8
Experiment 3: Inner,2,178,3,3,2,Scatter,R_0_15,S_0_1
Experiment 3: Inner,2,179,3,3,3,Scatter,R_0_15,S_0_2
Experiment 3: Inner,2,180,3,3,4,Scatter,R_0_15,S_0_1
Experiment 3: Inner,2,181,3,3,5,Scatter,R_0_15,S_0_2
Experiment 3: Inner,2,182,3,3,6,Scatter,R_0_15,S_0_4
Experiment 3: Inner,2,183,3,3,7,Scatter,R_0_15,S_0_8
Experiment 3: Inner,2,184,3,3,8,Scatter,R_0_15,S_0_4
Experiment 3: Inner,2,185,3,4,1,Scatter,R_0_05,S_0_8
Experiment 3: Inner,2,186,3,4,2,Scatter,R_0_05,S_0_1
Experiment 3: Inner,2,187,3,4,3,Scatter,R_0_05,S_0_2
Experiment 3: Inner,2,188,3,4,4,Scatter,R_0_05,S_0_1
Experiment 3: Inner,2,189,3,4,5,Scatter,R_0_05,S_0_2
Experiment 3: Inner,2,190,3,4,6,Scatter,R_0_05,S_0_4
Experiment 3: Inner,2,191,3,4,7,Scatter,R_0_05,S_0_8
Experiment 3: Inner,2,192,3,4,8,Scatter,R_0_05,S_0_4
Experiment 3: Inner,3,193,1,1,1,Scatter,R_0_1,S_0_8
Experiment 3: Inner,3,194,1,1,2,Scatter,R_0_1,S_0_1
Experiment 3: Inner,3,195,1,1,3,Scatter,R_0_1,S_0_2
Experiment 3: Inner,3,196,1,1,4,Scatter,R_0_1,S_0_1
Experiment 3: Inner,3,197,1,1,5,Scatter,R_0_1,S_0_2
Experiment 3: Inner,3,198,1,1,6,Scatter,R_0_1,S_0_4
Experiment 3: Inner,3,199,1,1,7,Scatter,R_0_1,S_0_8
Experiment 3: Inner,3,200,1,1,8,Scatter,R_0_1,S_0_4
Experiment 3: Inner,3,201,1,2,1,Scatter,R_0_2,S_0_8
Experiment 3: Inner,3,202,1,2,2,Scatter,R_0_2,S_0_1
Experiment 3: Inner,3,203,1,2,3,Scatter,R_0_2,S_0_2
Experiment 3: Inner,3,204,1,2,4,Scatter,R_0_2,S_0_1
Experiment 3: Inner,3,205,1,2,5,Scatter,R_0_2,S_0_2
Experiment 3: Inner,3,206,1,2,6,Scatter,R_0_2,S_0_4
Experiment 3: Inner,3,207,1,2,7,Scatter,R_0_2,S_0_8
Experiment 3: Inner,3,208,1,2,8,Scatter,R_0_2,S_0_4
Experiment 3: Inner,3,209,1,3,1,Scatter,R_0_15,S_0_8
Experiment 3: Inner,3,210,1,3,2,Scatter,R_0_15,S_0_1
Experiment 3: Inner,3,211,1,3,3,Scatter,R_0_15,S_0_2
Experiment 3: Inner,3,212,1,3,4,Scatter,R_0_15,S_0_1
Experiment 3: Inner,3,213,1,3,5,Scatter,R_0_15,S_0_2
Experiment 3: Inner,3,214,1,3,6,Scatter,R_0_15,S_0_4
Experiment 3: Inner,3,215,1,3,7,Scatter,R_0_15,S_0_8
Experiment 3: Inner,3,216,1,3,8,Scatter,R_0_15,S_0_4
Experiment 3: Inner,3,217,1,4,1,Scatter,R_0_05,S_0_8
Experiment 3: Inner,3,218,1,4,2,Scatter,R_0_05,S_0_1
Experiment 3: Inner,3,219,1,4,3,Scatter,R_0_05,S_0_2
Experiment 3: Inner,3,220,1,4,4,Scatter,R_0_05,S_0_1
Experiment 3: Inner,3,221,1,4,5,Scatter,R_0_05,S_0_2
Experiment 3: Inner,3,222,1,4,6,Scatter,R_0_05,S_0_4
Experiment 3: Inner,3,223,1,4,7,Scatter,R_0_05,S_0_8
Experiment 3: Inner,3,224,1,4,8,Scatter,R_0_05,S_0_4
Experiment 3: Inner,3,225,2,1,1,Area,R_0_1,S_0_8
Experiment 3: Inner,3,226,2,1,2,Area,R_0_1,S_0_1
Experiment 3: Inner,3,227,2,1,3,Area,R_0_1,S_0_2
Experiment 3: Inner,3,228,2,1,4,Area,R_0_1,S_0_1
Experiment 3: Inner,3,229,2,1,5,Area,R_0_1,S_0_2
Experiment 3: Inner,3,230,2,1,6,Area,R_0_1,S_0_4
Experiment 3: Inner,3,231,2,1,7,Area,R_0_1,S_0_8
Experiment 3: Inner,3,232,2,1,8,Area,R_0_1,S_0_4
Experiment 3: Inner,3,233,2,2,1,Area,R_0_2,S_0_8
Experiment 3: Inner,3,234,2,2,2,Area,R_0_2,S_0_1
Experiment 3: Inner,3,235,2,2,3,Area,R_0_2,S_0_2
Experiment 3: Inner,3,236,2,2,4,Area,R_0_2,S_0_1
Experiment 3: Inner,3,237,2,2,5,Area,R_0_2,S_0_2
Experiment 3: Inner,3,238,2,2,6,Area,R_0_2,S_0_4
Experiment 3: Inner,3,239,2,2,7,Area,R_0_2,S_0_8
Experiment 3: Inner,3,240,2,2,8,Area,R_0_2,S_0_4
Experiment 3: Inner,3,241,2,3,1,Area,R_0_15,S_0_8
Experiment 3: Inner,3,242,2,3,2,Area,R_0_15,S_0_1
Experiment 3: Inner,3,243,2,3,3,Area,R_0_15,S_0_2
Experiment 3: Inner,3,244,2,3,4,Area,R_0_15,S_0_1
Experiment 3: Inner,3,245,2,3,5,Area,R_0_15,S_0_2
Experiment 3: Inner,3,246,2,3,6,Area,R_0_15,S_0_4
Experiment 3: Inner,3,247,2,3,7,Area,R_0_15,S_0_8
Experiment 3: Inner,3,248,2,3,8,Area,R_0_15,S_0_4
Experiment 3: Inner,3,249,2,4,1,Area,R_0_05,S_0_8
Experiment 3: Inner,3,250,2,4,2,Area,R_0_05,S_0_1
Experiment 3: Inner,3,251,2,4,3,Area,R_0_05,S_0_2
Experiment 3: Inner,3,252,2,4,4,Area,R_0_05,S_0_1
Experiment 3: Inner,3,253,2,4,5,Area,R_0_05,S_0_2
Experiment 3: Inner,3,254,2,4,6,Area,R_0_05,S_0_4
Experiment 3: Inner,3,255,2,4,7,Area,R_0_05,S_0_8
Experiment 3: Inner,3,256,2,4,8,Area,R_0_05,S_0_4
Experiment 3: Inner,3,257,3,1,1,Line,R_0_1,S_0_8
Experiment 3: Inner,3,258,3,1,2,Line,R_0_1,S_0_1
Experiment 3: Inner,3,259,3,1,3,Line,R_0_1,S_0_2
Experiment 3: Inner,3,260,3,1,4,Line,R_0_1,S_0_1
Experiment 3: Inner,3,261,3,1,5,Line,R_0_1,S_0_2
Experiment 3: Inner,3,262,3,1,6,Line,R_0_1,S_0_4
Experiment 3: Inner,3,263,3,1,7,Line,R_0_1,S_0_8
Experiment 3: Inner,3,264,3,1,8,Line,R_0_1,S_0_4
Experiment 3: Inner,3,265,3,2,1,Line,R_0_2,S_0_8
Experiment 3: Inner,3,266,3,2,2,Line,R_0_2,S_0_1
Experiment 3: Inner,3,267,3,2,3,Line,R_0_2,S_0_2
Experiment 3: Inner,3,268,3,2,4,Line,R_0_2,S_0_1
Experiment 3: Inner,3,269,3,2,5,Line,R_0_2,S_0_2
Experiment 3: Inner,3,270,3,2,6,Line,R_0_2,S_0_4
Experiment 3: Inner,3,271,3,2,7,Line,R_0_2,S_0_8
Experiment 3: Inner,3,272,3,2,8,Line,R_0_2,S_0_4
Experiment 3: Inner,3,273,3,3,1,Line,R_0_15,S_0_8
Experiment 3: Inner,3,274,3,3,2,Line,R_0_15,S_0_1
Experiment 3: Inner,3,275,3,3,3,Line,R_0_15,S_0_2
Experiment 3: Inner,3,276,3,3,4,Line,R_0_15,S_0_1
Experiment 3: Inner,3,277,3,3,5,Line,R_0_15,S_0_2
Experiment 3: Inner,3,278,3,3,6,Line,R_0_15,S_0_4
Experiment 3: Inner,3,279,3,3,7,Line,R_0_15,S_0_8
Experiment 3: Inner,3,280,3,3,8,Line,R_0_15,S_0_4
Experiment 3: Inner,3,281,3,4,1,Line,R_0_05,S_0_8
Experiment 3: Inner,3,282,3,4,2,Line,R_0_05,S_0_1
Experiment 3: Inner,3,283,3,4,3,Line,R_0_05,S_0_2
Experiment 3: Inner,3,284,3,4,4,Line,R_0_05,S_0_1
Experiment 3: Inner,3,285,3,4,5,Line,R_0_05,S_0_2
Experiment 3: Inner,3,286,3,4,6,Line,R_0_05,S_0_4
Experiment 3: Inner,3,287,3,4,7,Line,R_0_05,S_0_8
Experiment 3: Inner,3,288,3,4,8,Line,R_0_05,S_0_4
Experiment 3: Inner,4,289,1,1,1,Line,R_0_1,S_0_8
Experiment 3: Inner,4,290,1,1,2,Line,R_0_1,S_0_1
Experiment 3: Inner,4,291,1,1,3,Line,R_0_1,S_0_2
Experiment 3: Inner,4,292,1,1,4,Line,R_0_1,S_0_1
Experiment 3: Inner,4,293,1,1,5,Line,R_0_1,S_0_2
Experiment 3: Inner,4,294,1,1,6,Line,R_0_1,S_0_4
Experiment 3: Inner,4,295,1,1,7,Line,R_0_1,S_0_8
Experiment 3: Inner,4,296,1,1,8,Line,R_0_1,S_0_4
Experiment 3: Inner,4,297,1,2,1,Line,R_0_2,S_0_8
Experiment 3: Inner,4,298,1,2,2,Line,R_0_2,S_0_1
Experiment 3: Inner,4,299,1,2,3,Line,R_0_2,S_0_2
Experiment 3: Inner,4,300,1,2,4,Line,R_0_2,S_0_1
Experiment 3: Inner,4,301,1,2,5,Line,R_0_2,S_0_2
Experiment 3: Inner,4,302,1,2,6,Line,R_0_2,S_0_4
Experiment 3: Inner,4,303,1,2,7,Line,R_0_2,S_0_8
Experiment 3: Inner,4,304,1,2,8,Line,R_0_2,S_0_4
Experiment 3: Inner,4,305,1,3,1,Line,R_0_15,S_0_8
Experiment 3: Inner,4,306,1,3,2,Line,R_0_15,S_0_1
Experiment 3: Inner,4,307,1,3,3,Line,R_0_15,S_0_2
Experiment 3: Inner,4,308,1,3,4,Line,R_0_15,S_0_1
Experiment 3: Inner,4,309,1,3,5,Line,R_0_15,S_0_2
Experiment 3: Inner,4,310,1,3,6,Line,R_0_15,S_0_4
Experiment 3: Inner,4,311,1,3,7,Line,R_0_15,S_0_8
Experiment 3: Inner,4,312,1,3,8,Line,R_0_15,S_0_4
Experiment 3: Inner,4,313,1,4,1,Line,R_0_05,S_0_8
Experiment 3: Inner,4,314,1,4,2,Line,R_0_05,S_0_1
Experiment 3: Inner,4,315,1,4,3,Line,R_0_05,S_0_2
Experiment 3: Inner,4,316,1,4,4,Line,R_0_05,S_0_1
Experiment 3: Inner,4,317,1,4,5,Line,R_0_05,S_0_2
Experiment 3: Inner,4,318,1,4,6,Line,R_0_05,S_0_4
Experiment 3: Inner,4,319,1,4,7,Line,R_0_05,S_0_8
Experiment 3: Inner,4,320,1,4,8,Line,R_0_05,S_0_4
Experiment 3: Inner,4,321,2,1,1,Scatter,R_0_1,S_0_8
Experiment 3: Inner,4,322,2,1,2,Scatter,R_0_1,S_0_1
Experiment 3: Inner,4,323,2,1,3,Scatter,R_0_1,S_0_2
Experiment 3: Inner,4,324,2,1,4,Scatter,R_0_1,S_0_1
Experiment 3: Inner,4,325,2,1,5,Scatter,R_0_1,S_0_2
Experiment 3: Inner,4,326,2,1,6,Scatter,R_0_1,S_0_4
Experiment 3: Inner,4,327,2,1,7,Scatter,R_0_1,S_0_8
Experiment 3: Inner,4,328,2,1,8,Scatter,R_0_1,S_0_4
Experiment 3: Inner,4,329,2,2,1,Scatter,R_0_2,S_0_8
Experiment 3: Inner,4,330,2,2,2,Scatter,R_0_2,S_0_1
Experiment 3: Inner,4,331,2,2,3,Scatter,R_0_2,S_0_2
Experiment 3: Inner,4,332,2,2,4,Scatter,R_0_2,S_0_1
Experiment 3: Inner,4,333,2,2,5,Scatter,R_0_2,S_0_2
Experiment 3: Inner,4,334,2,2,6,Scatter,R_0_2,S_0_4
Experiment 3: Inner,4,335,2,2,7,Scatter,R_0_2,S_0_8
Experiment 3: Inner,4,336,2,2,8,Scatter,R_0_2,S_0_4
Experiment 3: Inner,4,337,2,3,1,Scatter,R_0_15,S_0_8
Experiment 3: Inner,4,338,2,3,2,Scatter,R_0_15,S_0_1
Experiment 3: Inner,4,339,2,3,3,Scatter,R_0_15,S_0_2
Experiment 3: Inner,4,340,2,3,4,Scatter,R_0_15,S_0_1
Experiment 3: Inner,4,341,2,3,5,Scatter,R_0_15,S_0_2
Experiment 3: Inner,4,342,2,3,6,Scatter,R_0_15,S_0_4
Experiment 3: Inner,4,343,2,3,7,Scatter,R_0_15,S_0_8
Experiment 3: Inner,4,344,2,3,8,Scatter,R_0_15,S_0_4
Experiment 3: Inner,4,345,2,4,1,Scatter,R_0_05,S_0_8
Experiment 3: Inner,4,346,2,4,2,Scatter,R_0_05,S_0_1
Experiment 3: Inner,4,347,2,4,3,Scatter,R_0_05,S_0_2
Experiment 3: Inner,4,348,2,4,4,Scatter,R_0_05,S_0_1
Experiment 3: Inner,4,349,2,4,5,Scatter,R_0_05,S_0_2
Experiment 3: Inner,4,350,2,4,6,Scatter,R_0_05,S_0_4
Experiment 3: Inner,4,351,2,4,7,Scatter,R_0_05,S_0_8
Experiment 3: Inner,4,352,2,4,8,Scatter,R_0_05,S_0_4
Experiment 3: Inner,4,353,3,1,1,Area,R_0_1,S_0_8
Experiment 3: Inner,4,354,3,1,2,Area,R_0_1,S_0_1
Experiment 3: Inner,4,355,3,1,3,Area,R_0_1,S_0_2
Experiment 3: Inner,4,356,3,1,4,Area,R_0_1,S_0_1
Experiment 3: Inner,4,357,3,1,5,Area,R_0_1,S_0_2
Experiment 3: Inner,4,358,3,1,6,Area,R_0_1,S_0_4
Experiment 3: Inner,4,359,3,1,7,Area,R_0_1,S_0_8
Experiment 3: Inner,4,360,3,1,8,Area,R_0_1,S_0_4
Experiment 3: Inner,4,361,3,2,1,Area,R_0_2,S_0_8
Experiment 3: Inner,4,362,3,2,2,Area,R_0_2,S_0_1
Experiment 3: Inner,4,363,3,2,3,Area,R_0_2,S_0_2
Experiment 3: Inner,4,364,3,2,4,Area,R_0_2,S_0_1
Experiment 3: Inner,4,365,3,2,5,Area,R_0_2,S_0_2
Experiment 3: Inner,4,366,3,2,6,Area,R_0_2,S_0_4
Experiment 3: Inner,4,367,3,2,7,Area,R_0_2,S_0_8
Experiment 3: Inner,4,368,3,2,8,Area,R_0_2,S_0_4
Experiment 3: Inner,4,369,3,3,1,Area,R_0_15,S_0_8
Experiment 3: Inner,4,370,3,3,2,Area,R_0_15,S_0_1
Experiment 3: Inner,4,371,3,3,3,Area,R_0_15,S_0_2
Experiment 3: Inner,4,372,3,3,4,Area,R_0_15,S_0_1
Experiment 3: Inner,4,373,3,3,5,Area,R_0_15,S_0_2
Experiment 3: Inner,4,374,3,3,6,Area,R_0_15,S_0_4
Experiment 3: Inner,4,375,3,3,7,Area,R_0_15,S_0_8
Experiment 3: Inner,4,376,3,3,8,Area,R_0_15,S_0_4
Experiment 3: Inner,4,377,3,4,1,Area,R_0_05,S_0_8
Experiment 3: Inner,4,378,3,4,2,Area,R_0_05,S_0_1
Experiment 3: Inner,4,379,3,4,3,Area,R_0_05,S_0_2
Experiment 3: Inner,4,380,3,4,4,Area,R_0_05,S_0_1
Experiment 3: Inner,4,381,3,4,5,Area,R_0_05,S_0_2
Experiment 3: Inner,4,382,3,4,6,Area,R_0_05,S_0_4
Experiment 3: Inner,4,383,3,4,7,Area,R_0_05,S_0_8
Experiment 3: Inner,4,384,3,4,8,Area,R_0_05,S_0_4
Experiment 3: Inner,5,385,1,1,1,Area,R_0_1,S_0_8
Experiment 3: Inner,5,386,1,1,2,Area,R_0_1,S_0_1
Experiment 3: Inner,5,387,1,1,3,Area,R_0_1,S_0_2
Experiment 3: Inner,5,388,1,1,4,Area,R_0_1,S_0_1
Experiment 3: Inner,5,389,1,1,5,Area,R_0_1,S_0_2
Experiment 3: Inner,5,390,1,1,6,Area,R_0_1,S_0_4
Experiment 3: Inner,5,391,1,1,7,Area,R_0_1,S_0_8
Experiment 3: Inner,5,392,1,1,8,Area,R_0_1,S_0_4
Experiment 3: Inner,5,393,1,2,1,Area,R_0_2,S_0_8
Experiment 3: Inner,5,394,1,2,2,Area,R_0_2,S_0_1
Experiment 3: Inner,5,395,1,2,3,Area,R_0_2,S_0_2
Experiment 3: Inner,5,396,1,2,4,Area,R_0_2,S_0_1
Experiment 3: Inner,5,397,1,2,5,Area,R_0_2,S_0_2
Experiment 3: Inner,5,398,1,2,6,Area,R_0_2,S_0_4
Experiment 3: Inner,5,399,1,2,7,Area,R_0_2,S_0_8
Experiment 3: Inner,5,400,1,2,8,Area,R_0_2,S_0_4
Experiment 3: Inner,5,401,1,3,1,Area,R_0_15,S_0_8
Experiment 3: Inner,5,402,1,3,2,Area,R_0_15,S_0_1
Experiment 3: Inner,5,403,1,3,3,Area,R_0_15,S_0_2
Experiment 3: Inner,5,404,1,3,4,Area,R_0_15,S_0_1
Experiment 3: Inner,5,405,1,3,5,Area,R_0_15,S_0_2
Experiment 3: Inner,5,406,1,3,6,Area,R_0_15,S_0_4
Experiment 3: Inner,5,407,1,3,7,Area,R_0_15,S_0_8
Experiment 3: Inner,5,408,1,3,8,Area,R_0_15,S_0_4
Experiment 3: Inner,5,409,1,4,1,Area,R_0_05,S_0_8
Experiment 3: Inner,5,410,1,4,2,Area,R_0_05,S_0_1
Experiment 3: Inner,5,411,1,4,3,Area,R_0_05,S_0_2
Experiment 3: Inner,5,412,1,4,4,Area,R_0_05,S_0_1
Experiment 3: Inner,5,413,1,4,5,Area,R_0_05,S_0_2
Experiment 3: Inner,5,414,1,4,6,Area,R_0_05,S_0_4
Experiment 3: Inner,5,415,1,4,7,Area,R_0_05,S_0_8
Experiment 3: Inner,5,416,1,4,8,Area,R_0_05,S_0_4
Experiment 3: Inner,5,417,2,1,1,Line,R_0_1,S_0_8
Experiment 3: Inner,5,418,2,1,2,Line,R_0_1,S_0_1
Experiment 3: Inner,5,419,2,1,3,Line,R_0_1,S_0_2
Experiment 3: Inner,5,420,2,1,4,Line,R_0_1,S_0_1
Experiment 3: Inner,5,421,2,1,5,Line,R_0_1,S_0_2
Experiment 3: Inner,5,422,2,1,6,Line,R_0_1,S_0_4
Experiment 3: Inner,5,423,2,1,7,Line,R_0_1,S_0_8
Experiment 3: Inner,5,424,2,1,8,Line,R_0_1,S_0_4
Experiment 3: Inner,5,425,2,2,1,Line,R_0_2,S_0_8
Experiment 3: Inner,5,426,2,2,2,Line,R_0_2,S_0_1
Experiment 3: Inner,5,427,2,2,3,Line,R_0_2,S_0_2
Experiment 3: Inner,5,428,2,2,4,Line,R_0_2,S_0_1
Experiment 3: Inner,5,429,2,2,5,Line,R_0_2,S_0_2
Experiment 3: Inner,5,430,2,2,6,Line,R_0_2,S_0_4
Experiment 3: Inner,5,431,2,2,7,Line,R_0_2,S_0_8
Experiment 3: Inner,5,432,2,2,8,Line,R_0_2,S_0_4
Experiment 3: Inner,5,433,2,3,1,Line,R_0_15,S_0_8
Experiment 3: Inner,5,434,2,3,2,Line,R_0_15,S_0_1
Experiment 3: Inner,5,435,2,3,3,Line,R_0_15,S_0_2
Experiment 3: Inner,5,436,2,3,4,Line,R_0_15,S_0_1
Experiment 3: Inner,5,437,2,3,5,Line,R_0_15,S_0_2
Experiment 3: Inner,5,438,2,3,6,Line,R_0_15,S_0_4
Experiment 3: Inner,5,439,2,3,7,Line,R_0_15,S_0_8
Experiment 3: Inner,5,440,2,3,8,Line,R_0_15,S_0_4
Experiment 3: Inner,5,441,2,4,1,Line,R_0_05,S_0_8
Experiment 3: Inner,5,442,2,4,2,Line,R_0_05,S_0_1
Experiment 3: Inner,5,443,2,4,3,Line,R_0_05,S_0_2
Experiment 3: Inner,5,444,2,4,4,Line,R_0_05,S_0_1
Experiment 3: Inner,5,445,2,4,5,Line,R_0_05,S_0_2
Experiment 3: Inner,5,446,2,4,6,Line,R_0_05,S_0_4
Experiment 3: Inner,5,447,2,4,7,Line,R_0_05,S_0_8
Experiment 3: Inner,5,448,2,4,8,Line,R_0_05,S_0_4
Experiment 3: Inner,5,449,3,1,1,Scatter,R_0_1,S_0_8
Experiment 3: Inner,5,450,3,1,2,Scatter,R_0_1,S_0_1
Experiment 3: Inner,5,451,3,1,3,Scatter,R_0_1,S_0_2
Experiment 3: Inner,5,452,3,1,4,Scatter,R_0_1,S_0_1
Experiment 3: Inner,5,453,3,1,5,Scatter,R_0_1,S_0_2
Experiment 3: Inner,5,454,3,1,6,Scatter,R_0_1,S_0_4
Experiment 3: Inner,5,455,3,1,7,Scatter,R_0_1,S_0_8
Experiment 3: Inner,5,456,3,1,8,Scatter,R_0_1,S_0_4
Experiment 3: Inner,5,457,3,2,1,Scatter,R_0_2,S_0_8
Experiment 3: Inner,5,458,3,2,2,Scatter,R_0_2,S_0_1
Experiment 3: Inner,5,459,3,2,3,Scatter,R_0_2,S_0_2
Experiment 3: Inner,5,460,3,2,4,Scatter,R_0_2,S_0_1
Experiment 3: Inner,5,461,3,2,5,Scatter,R_0_2,S_0_2
Experiment 3: Inner,5,462,3,2,6,Scatter,R_0_2,S_0_4
Experiment 3: Inner,5,463,3,2,7,Scatter,R_0_2,S_0_8
Experiment 3: Inner,5,464,3,2,8,Scatter,R_0_2,S_0_4
Experiment 3: Inner,5,465,3,3,1,Scatter,R_0_15,S_0_8
Experiment 3: Inner,5,466,3,3,2,Scatter,R_0_15,S_0_1
Experiment 3: Inner,5,467,3,3,3,Scatter,R_0_15,S_0_2
Experiment 3: Inner,5,468,3,3,4,Scatter,R_0_15,S_0_1
Experiment 3: Inner,5,469,3,3,5,Scatter,R_0_15,S_0_2
Experiment 3: Inner,5,470,3,3,6,Scatter,R_0_15,S_0_4
Experiment 3: Inner,5,471,3,3,7,Scatter,R_0_15,S_0_8
Experiment 3: Inner,5,472,3,3,8,Scatter,R_0_15,S_0_4
Experiment 3: Inner,5,473,3,4,1,Scatter,R_0_05,S_0_8
Experiment 3: Inner,5,474,3,4,2,Scatter,R_0_05,S_0_1
Experiment 3: Inner,5,475,3,4,3,Scatter,R_0_05,S_0_2
Experiment 3: Inner,5,476,3,4,4,Scatter,R_0_05,S_0_1
Experiment 3: Inner,5,477,3,4,5,Scatter,R_0_05,S_0_2
Experiment 3: Inner,5,478,3,4,6,Scatter,R_0_05,S_0_4
Experiment 3: Inner,5,479,3,4,7,Scatter,R_0_05,S_0_8
Experiment 3: Inner,5,480,3,4,8,Scatter,R_0_05,S_0_4
Experiment 3: Inner,6,481,1,1,1,Scatter,R_0_1,S_0_8
Experiment 3: Inner,6,482,1,1,2,Scatter,R_0_1,S_0_1
Experiment 3: Inner,6,483,1,1,3,Scatter,R_0_1,S_0_2
Experiment 3: Inner,6,484,1,1,4,Scatter,R_0_1,S_0_1
Experiment 3: Inner,6,485,1,1,5,Scatter,R_0_1,S_0_2
Experiment 3: Inner,6,486,1,1,6,Scatter,R_0_1,S_0_4
Experiment 3: Inner,6,487,1,1,7,Scatter,R_0_1,S_0_8
Experiment 3: Inner,6,488,1,1,8,Scatter,R_0_1,S_0_4
Experiment 3: Inner,6,489,1,2,1,Scatter,R_0_2,S_0_8
Experiment 3: Inner,6,490,1,2,2,Scatter,R_0_2,S_0_1
Experiment 3: Inner,6,491,1,2,3,Scatter,R_0_2,S_0_2
Experiment 3: Inner,6,492,1,2,4,Scatter,R_0_2,S_0_1
Experiment 3: Inner,6,493,1,2,5,Scatter,R_0_2,S_0_2
Experiment 3: Inner,6,494,1,2,6,Scatter,R_0_2,S_0_4
Experiment 3: Inner,6,495,1,2,7,Scatter,R_0_2,S_0_8
Experiment 3: Inner,6,496,1,2,8,Scatter,R_0_2,S_0_4
Experiment 3: Inner,6,497,1,3,1,Scatter,R_0_15,S_0_8
Experiment 3: Inner,6,498,1,3,2,Scatter,R_0_15,S_0_1
Experiment 3: Inner,6,499,1,3,3,Scatter,R_0_15,S_0_2
Experiment 3: Inner,6,500,1,3,4,Scatter,R_0_15,S_0_1
Experiment 3: Inner,6,501,1,3,5,Scatter,R_0_15,S_0_2
Experiment 3: Inner,6,502,1,3,6,Scatter,R_0_15,S_0_4
Experiment 3: Inner,6,503,1,3,7,Scatter,R_0_15,S_0_8
Experiment 3: Inner,6,504,1,3,8,Scatter,R_0_15,S_0_4
Experiment 3: Inner,6,505,1,4,1,Scatter,R_0_05,S_0_8
Experiment 3: Inner,6,506,1,4,2,Scatter,R_0_05,S_0_1
Experiment 3: Inner,6,507,1,4,3,Scatter,R_0_05,S_0_2
Experiment 3: Inner,6,508,1,4,4,Scatter,R_0_05,S_0_1
Experiment 3: Inner,6,509,1,4,5,Scatter,R_0_05,S_0_2
Experiment 3: Inner,6,510,1,4,6,Scatter,R_0_05,S_0_4
Experiment 3: Inner,6,511,1,4,7,Scatter,R_0_05,S_0_8
Experiment 3: Inner,6,512,1,4,8,Scatter,R_0_05,S_0_4
Experiment 3: Inner,6,513,2,1,1,Area,R_0_1,S_0_8
Experiment 3: Inner,6,514,2,1,2,Area,R_0_1,S_0_1
Experiment 3: Inner,6,515,2,1,3,Area,R_0_1,S_0_2
Experiment 3: Inner,6,516,2,1,4,Area,R_0_1,S_0_1
Experiment 3: Inner,6,517,2,1,5,Area,R_0_1,S_0_2
Experiment 3: Inner,6,518,2,1,6,Area,R_0_1,S_0_4
Experiment 3: Inner,6,519,2,1,7,Area,R_0_1,S_0_8
Experiment 3: Inner,6,520,2,1,8,Area,R_0_1,S_0_4
Experiment 3: Inner,6,521,2,2,1,Area,R_0_2,S_0_8
Experiment 3: Inner,6,522,2,2,2,Area,R_0_2,S_0_1
Experiment 3: Inner,6,523,2,2,3,Area,R_0_2,S_0_2
Experiment 3: Inner,6,524,2,2,4,Area,R_0_2,S_0_1
Experiment 3: Inner,6,525,2,2,5,Area,R_0_2,S_0_2
Experiment 3: Inner,6,526,2,2,6,Area,R_0_2,S_0_4
Experiment 3: Inner,6,527,2,2,7,Area,R_0_2,S_0_8
Experiment 3: Inner,6,528,2,2,8,Area,R_0_2,S_0_4
Experiment 3: Inner,6,529,2,3,1,Area,R_0_15,S_0_8
Experiment 3: Inner,6,530,2,3,2,Area,R_0_15,S_0_1
Experiment 3: Inner,6,531,2,3,3,Area,R_0_15,S_0_2
Experiment 3: Inner,6,532,2,3,4,Area,R_0_15,S_0_1
Experiment 3: Inner,6,533,2,3,5,Area,R_0_15,S_0_2
Experiment 3: Inner,6,534,2,3,6,Area,R_0_15,S_0_4
Experiment 3: Inner,6,535,2,3,7,Area,R_0_15,S_0_8
Experiment 3: Inner,6,536,2,3,8,Area,R_0_15,S_0_4
Experiment 3: Inner,6,537,2,4,1,Area,R_0_05,S_0_8
Experiment 3: Inner,6,538,2,4,2,Area,R_0_05,S_0_1
Experiment 3: Inner,6,539,2,4,3,Area,R_0_05,S_0_2
Experiment 3: Inner,6,540,2,4,4,Area,R_0_05,S_0_1
Experiment 3: Inner,6,541,2,4,5,Area,R_0_05,S_0_2
Experiment 3: Inner,6,542,2,4,6,Area,R_0_05,S_0_4
Experiment 3: Inner,6,543,2,4,7,Area,R_0_05,S_0_8
Experiment 3: Inner,6,544,2,4,8,Area,R_0_05,S_0_4
Experiment 3: Inner,6,545,3,1,1,Line,R_0_1,S_0_8
Experiment 3: Inner,6,546,3,1,2,Line,R_0_1,S_0_1
Experiment 3: Inner,6,547,3,1,3,Line,R_0_1,S_0_2
Experiment 3: Inner,6,548,3,1,4,Line,R_0_1,S_0_1
Experiment 3: Inner,6,549,3,1,5,Line,R_0_1,S_0_2
Experiment 3: Inner,6,550,3,1,6,Line,R_0_1,S_0_4
Experiment 3: Inner,6,551,3,1,7,Line,R_0_1,S_0_8
Experiment 3: Inner,6,552,3,1,8,Line,R_0_1,S_0_4
Experiment 3: Inner,6,553,3,2,1,Line,R_0_2,S_0_8
Experiment 3: Inner,6,554,3,2,2,Line,R_0_2,S_0_1
Experiment 3: Inner,6,555,3,2,3,Line,R_0_2,S_0_2
Experiment 3: Inner,6,556,3,2,4,Line,R_0_2,S_0_1
Experiment 3: Inner,6,557,3,2,5,Line,R_0_2,S_0_2
Experiment 3: Inner,6,558,3,2,6,Line,R_0_2,S_0_4
Experiment 3: Inner,6,559,3,2,7,Line,R_0_2,S_0_8
Experiment 3: Inner,6,560,3,2,8,Line,R_0_2,S_0_4
Experiment 3: Inner,6,561,3,3,1,Line,R_0_15,S_0_8
Experiment 3: Inner,6,562,3,3,2,Line,R_0_15,S_0_1
Experiment 3: Inner,6,563,3,3,3,Line,R_0_15,S_0_2
Experiment 3: Inner,6,564,3,3,4,Line,R_0_15,S_0_1
Experiment 3: Inner,6,565,3,3,5,Line,R_0_15,S_0_2
Experiment 3: Inner,6,566,3,3,6,Line,R_0_15,S_0_4
Experiment 3: Inner,6,567,3,3,7,Line,R_0_15,S_0_8
Experiment 3: Inner,6,568,3,3,8,Line,R_0_15,S_0_4
Experiment 3: Inner,6,569,3,4,1,Line,R_0_05,S_0_8
Experiment 3: Inner,6,570,3,4,2,Line,R_0_05,S_0_1
Experiment 3: Inner,6,571,3,4,3,Line,R_0_05,S_0_2
Experiment 3: Inner,6,572,3,4,4,Line,R_0_05,S_0_1
Experiment 3: Inner,6,573,3,4,5,Line,R_0_05,S_0_2
Experiment 3: Inner,6,574,3,4,6,Line,R_0_05,S_0_4
Experiment 3: Inner,6,575,3,4,7,Line,R_0_05,S_0_8
Experiment 3: Inner,6,576,3,4,8,Line,R_0_05,S_0_4
Experiment 3: Inner,7,577,1,1,1,Line,R_0_1,S_0_8
Experiment 3: Inner,7,578,1,1,2,Line,R_0_1,S_0_1
Experiment 3: Inner,7,579,1,1,3,Line,R_0_1,S_0_2
Experiment 3: Inner,7,580,1,1,4,Line,R_0_1,S_0_1
Experiment 3: Inner,7,581,1,1,5,Line,R_0_1,S_0_2
Experiment 3: Inner,7,582,1,1,6,Line,R_0_1,S_0_4
Experiment 3: Inner,7,583,1,1,7,Line,R_0_1,S_0_8
Experiment 3: Inner,7,584,1,1,8,Line,R_0_1,S_0_4
Experiment 3: Inner,7,585,1,2,1,Line,R_0_2,S_0_8
Experiment 3: Inner,7,586,1,2,2,Line,R_0_2,S_0_1
Experiment 3: Inner,7,587,1,2,3,Line,R_0_2,S_0_2
Experiment 3: Inner,7,588,1,2,4,Line,R_0_2,S_0_1
Experiment 3: Inner,7,589,1,2,5,Line,R_0_2,S_0_2
Experiment 3: Inner,7,590,1,2,6,Line,R_0_2,S_0_4
Experiment 3: Inner,7,591,1,2,7,Line,R_0_2,S_0_8
Experiment 3: Inner,7,592,1,2,8,Line,R_0_2,S_0_4
Experiment 3: Inner,7,593,1,3,1,Line,R_0_15,S_0_8
Experiment 3: Inner,7,594,1,3,2,Line,R_0_15,S_0_1
Experiment 3: Inner,7,595,1,3,3,Line,R_0_15,S_0_2
Experiment 3: Inner,7,596,1,3,4,Line,R_0_15,S_0_1
Experiment 3: Inner,7,597,1,3,5,Line,R_0_15,S_0_2
Experiment 3: Inner,7,598,1,3,6,Line,R_0_15,S_0_4
Experiment 3: Inner,7,599,1,3,7,Line,R_0_15,S_0_8
Experiment 3: Inner,7,600,1,3,8,Line,R_0_15,S_0_4
Experiment 3: Inner,7,601,1,4,1,Line,R_0_05,S_0_8
Experiment 3: Inner,7,602,1,4,2,Line,R_0_05,S_0_1
Experiment 3: Inner,7,603,1,4,3,Line,R_0_05,S_0_2
Experiment 3: Inner,7,604,1,4,4,Line,R_0_05,S_0_1
Experiment 3: Inner,7,605,1,4,5,Line,R_0_05,S_0_2
Experiment 3: Inner,7,606,1,4,6,Line,R_0_05,S_0_4
Experiment 3: Inner,7,607,1,4,7,Line,R_0_05,S_0_8
Experiment 3: Inner,7,608,1,4,8,Line,R_0_05,S_0_4
Experiment 3: Inner,7,609,2,1,1,Scatter,R_0_1,S_0_8
Experiment 3: Inner,7,610,2,1,2,Scatter,R_0_1,S_0_1
Experiment 3: Inner,7,611,2,1,3,Scatter,R_0_1,S_0_2
Experiment 3: Inner,7,612,2,1,4,Scatter,R_0_1,S_0_1
Experiment 3: Inner,7,613,2,1,5,Scatter,R_0_1,S_0_2
Experiment 3: Inner,7,614,2,1,6,Scatter,R_0_1,S_0_4
Experiment 3: Inner,7,615,2,1,7,Scatter,R_0_1,S_0_8
Experiment 3: Inner,7,616,2,1,8,Scatter,R_0_1,S_0_4
Experiment 3: Inner,7,617,2,2,1,Scatter,R_0_2,S_0_8
Experiment 3: Inner,7,618,2,2,2,Scatter,R_0_2,S_0_1
Experiment 3: Inner,7,619,2,2,3,Scatter,R_0_2,S_0_2
Experiment 3: Inner,7,620,2,2,4,Scatter,R_0_2,S_0_1
Experiment 3: Inner,7,621,2,2,5,Scatter,R_0_2,S_0_2
Experiment 3: Inner,7,622,2,2,6,Scatter,R_0_2,S_0_4
Experiment 3: Inner,7,623,2,2,7,Scatter,R_0_2,S_0_8
Experiment 3: Inner,7,624,2,2,8,Scatter,R_0_2,S_0_4
Experiment 3: Inner,7,625,2,3,1,Scatter,R_0_15,S_0_8
Experiment 3: Inner,7,626,2,3,2,Scatter,R_0_15,S_0_1
Experiment 3: Inner,7,627,2,3,3,Scatter,R_0_15,S_0_2
Experiment 3: Inner,7,628,2,3,4,Scatter,R_0_15,S_0_1
Experiment 3: Inner,7,629,2,3,5,Scatter,R_0_15,S_0_2
Experiment 3: Inner,7,630,2,3,6,Scatter,R_0_15,S_0_4
Experiment 3: Inner,7,631,2,3,7,Scatter,R_0_15,S_0_8
Experiment 3: Inner,7,632,2,3,8,Scatter,R_0_15,S_0_4
Experiment 3: Inner,7,633,2,4,1,Scatter,R_0_05,S_0_8
Experiment 3: Inner,7,634,2,4,2,Scatter,R_0_05,S_0_1
Experiment 3: Inner,7,635,2,4,3,Scatter,R_0_05,S_0_2
Experiment 3: Inner,7,636,2,4,4,Scatter,R_0_05,S_0_1
Experiment 3: Inner,7,637,2,4,5,Scatter,R_0_05,S_0_2
Experiment 3: Inner,7,638,2,4,6,Scatter,R_0_05,S_0_4
Experiment 3: Inner,7,639,2,4,7,Scatter,R_0_05,S_0_8
Experiment 3: Inner,7,640,2,4,8,Scatter,R_0_05,S_0_4
Experiment 3: Inner,7,641,3,1,1,Area,R_0_1,S_0_8
Experiment 3: Inner,7,642,3,1,2,Area,R_0_1,S_0_1
Experiment 3: Inner,7,643,3,1,3,Area,R_0_1,S_0_2
Experiment 3: Inner,7,644,3,1,4,Area,R_0_1,S_0_1
Experiment 3: Inner,7,645,3,1,5,Area,R_0_1,S_0_2
Experiment 3: Inner,7,646,3,1,6,Area,R_0_1,S_0_4
Experiment 3: Inner,7,647,3,1,7,Area,R_0_1,S_0_8
Experiment 3: Inner,7,648,3,1,8,Area,R_0_1,S_0_4
Experiment 3: Inner,7,649,3,2,1,Area,R_0_2,S_0_8
Experiment 3: Inner,7,650,3,2,2,Area,R_0_2,S_0_1
Experiment 3: Inner,7,651,3,2,3,Area,R_0_2,S_0_2
Experiment 3: Inner,7,652,3,2,4,Area,R_0_2,S_0_1
Experiment 3: Inner,7,653,3,2,5,Area,R_0_2,S_0_2
Experiment 3: Inner,7,654,3,2,6,Area,R_0_2,S_0_4
Experiment 3: Inner,7,655,3,2,7,Area,R_0_2,S_0_8
Experiment 3: Inner,7,656,3,2,8,Area,R_0_2,S_0_4
Experiment 3: Inner,7,657,3,3,1,Area,R_0_15,S_0_8
Experiment 3: Inner,7,658,3,3,2,Area,R_0_15,S_0_1
Experiment 3: Inner,7,659,3,3,3,Area,R_0_15,S_0_2
Experiment 3: Inner,7,660,3,3,4,Area,R_0_15,S_0_1
Experiment 3: Inner,7,661,3,3,5,Area,R_0_15,S_0_2
Experiment 3: Inner,7,662,3,3,6,Area,R_0_15,S_0_4
Experiment 3: Inner,7,663,3,3,7,Area,R_0_15,S_0_8
Experiment 3: Inner,7,664,3,3,8,Area,R_0_15,S_0_4
Experiment 3: Inner,7,665,3,4,1,Area,R_0_05,S_0_8
Experiment 3: Inner,7,666,3,4,2,Area,R_0_05,S_0_1
Experiment 3: Inner,7,667,3,4,3,Area,R_0_05,S_0_2
Experiment 3: Inner,7,668,3,4,4,Area,R_0_05,S_0_1
Experiment 3: Inner,7,669,3,4,5,Area,R_0_05,S_0_2
Experiment 3: Inner,7,670,3,4,6,Area,R_0_05,S_0_4
Experiment 3: Inner,7,671,3,4,7,Area,R_0_05,S_0_8
Experiment 3: Inner,7,672,3,4,8,Area,R_0_05,S_0_4
Experiment 3: Inner,8,673,1,1,1,Area,R_0_1,S_0_8
Experiment 3: Inner,8,674,1,1,2,Area,R_0_1,S_0_1
Experiment 3: Inner,8,675,1,1,3,Area,R_0_1,S_0_2
Experiment 3: Inner,8,676,1,1,4,Area,R_0_1,S_0_1
Experiment 3: Inner,8,677,1,1,5,Area,R_0_1,S_0_2
Experiment 3: Inner,8,678,1,1,6,Area,R_0_1,S_0_4
Experiment 3: Inner,8,679,1,1,7,Area,R_0_1,S_0_8
Experiment 3: Inner,8,680,1,1,8,Area,R_0_1,S_0_4
Experiment 3: Inner,8,681,1,2,1,Area,R_0_2,S_0_8
Experiment 3: Inner,8,682,1,2,2,Area,R_0_2,S_0_1
Experiment 3: Inner,8,683,1,2,3,Area,R_0_2,S_0_2
Experiment 3: Inner,8,684,1,2,4,Area,R_0_2,S_0_1
Experiment 3: Inner,8,685,1,2,5,Area,R_0_2,S_0_2
Experiment 3: Inner,8,686,1,2,6,Area,R_0_2,S_0_4
Experiment 3: Inner,8,687,1,2,7,Area,R_0_2,S_0_8
Experiment 3: Inner,8,688,1,2,8,Area,R_0_2,S_0_4
Experiment 3: Inner,8,689,1,3,1,Area,R_0_15,S_0_8
Experiment 3: Inner,8,690,1,3,2,Area,R_0_15,S_0_1
Experiment 3: Inner,8,691,1,3,3,Area,R_0_15,S_0_2
Experiment 3: Inner,8,692,1,3,4,Area,R_0_15,S_0_1
Experiment 3: Inner,8,693,1,3,5,Area,R_0_15,S_0_2
Experiment 3: Inner,8,694,1,3,6,Area,R_0_15,S_0_4
Experiment 3: Inner,8,695,1,3,7,Area,R_0_15,S_0_8
Experiment 3: Inner,8,696,1,3,8,Area,R_0_15,S_0_4
Experiment 3: Inner,8,697,1,4,1,Area,R_0_05,S_0_8
Experiment 3: Inner,8,698,1,4,2,Area,R_0_05,S_0_1
Experiment 3: Inner,8,699,1,4,3,Area,R_0_05,S_0_2
Experiment 3: Inner,8,700,1,4,4,Area,R_0_05,S_0_1
Experiment 3: Inner,8,701,1,4,5,Area,R_0_05,S_0_2
Experiment 3: Inner,8,702,1,4,6,Area,R_0_05,S_0_4
Experiment 3: Inner,8,703,1,4,7,Area,R_0_05,S_0_8
Experiment 3: Inner,8,704,1,4,8,Area,R_0_05,S_0_4
Experiment 3: Inner,8,705,2,1,1,Line,R_0_1,S_0_8
Experiment 3: Inner,8,706,2,1,2,Line,R_0_1,S_0_1
Experiment 3: Inner,8,707,2,1,3,Line,R_0_1,S_0_2
Experiment 3: Inner,8,708,2,1,4,Line,R_0_1,S_0_1
Experiment 3: Inner,8,709,2,1,5,Line,R_0_1,S_0_2
Experiment 3: Inner,8,710,2,1,6,Line,R_0_1,S_0_4
Experiment 3: Inner,8,711,2,1,7,Line,R_0_1,S_0_8
Experiment 3: Inner,8,712,2,1,8,Line,R_0_1,S_0_4
Experiment 3: Inner,8,713,2,2,1,Line,R_0_2,S_0_8
Experiment 3: Inner,8,714,2,2,2,Line,R_0_2,S_0_1
Experiment 3: Inner,8,715,2,2,3,Line,R_0_2,S_0_2
Experiment 3: Inner,8,716,2,2,4,Line,R_0_2,S_0_1
Experiment 3: Inner,8,717,2,2,5,Line,R_0_2,S_0_2
Experiment 3: Inner,8,718,2,2,6,Line,R_0_2,S_0_4
Experiment 3: Inner,8,719,2,2,7,Line,R_0_2,S_0_8
Experiment 3: Inner,8,720,2,2,8,Line,R_0_2,S_0_4
Experiment 3: Inner,8,721,2,3,1,Line,R_0_15,S_0_8
Experiment 3: Inner,8,722,2,3,2,Line,R_0_15,S_0_1
Experiment 3: Inner,8,723,2,3,3,Line,R_0_15,S_0_2
Experiment 3: Inner,8,724,2,3,4,Line,R_0_15,S_0_1
Experiment 3: Inner,8,725,2,3,5,Line,R_0_15,S_0_2
Experiment 3: Inner,8,726,2,3,6,Line,R_0_15,S_0_4
Experiment 3: Inner,8,727,2,3,7,Line,R_0_15,S_0_8
Experiment 3: Inner,8,728,2,3,8,Line,R_0_15,S_0_4
Experiment 3: Inner,8,729,2,4,1,Line,R_0_05,S_0_8
Experiment 3: Inner,8,730,2,4,2,Line,R_0_05,S_0_1
Experiment 3: Inner,8,731,2,4,3,Line,R_0_05,S_0_2
Experiment 3: Inner,8,732,2,4,4,Line,R_0_05,S_0_1
Experiment 3: Inner,8,733,2,4,5,Line,R_0_05,S_0_2
Experiment 3: Inner,8,734,2,4,6,Line,R_0_05,S_0_4
Experiment 3: Inner,8,735,2,4,7,Line,R_0_05,S_0_8
Experiment 3: Inner,8,736,2,4,8,Line,R_0_05,S_0_4
Experiment 3: Inner,8,737,3,1,1,Scatter,R_0_1,S_0_8
Experiment 3: Inner,8,738,3,1,2,Scatter,R_0_1,S_0_1
Experiment 3: Inner,8,739,3,1,3,Scatter,R_0_1,S_0_2
Experiment 3: Inner,8,740,3,1,4,Scatter,R_0_1,S_0_1
Experiment 3: Inner,8,741,3,1,5,Scatter,R_0_1,S_0_2
Experiment 3: Inner,8,742,3,1,6,Scatter,R_0_1,S_0_4
Experiment 3: Inner,8,743,3,1,7,Scatter,R_0_1,S_0_8
Experiment 3: Inner,8,744,3,1,8,Scatter,R_0_1,S_0_4
Experiment 3: Inner,8,745,3,2,1,Scatter,R_0_2,S_0_8
Experiment 3: Inner,8,746,3,2,2,Scatter,R_0_2,S_0_1
Experiment 3: Inner,8,747,3,2,3,Scatter,R_0_2,S_0_2
Experiment 3: Inner,8,748,3,2,4,Scatter,R_0_2,S_0_1
Experiment 3: Inner,8,749,3,2,5,Scatter,R_0_2,S_0_2
Experiment 3: Inner,8,750,3,2,6,Scatter,R_0_2,S_0_4
Experiment 3: Inner,8,751,3,2,7,Scatter,R_0_2,S_0_8
Experiment 3: Inner,8,752,3,2,8,Scatter,R_0_2,S_0_4
Experiment 3: Inner,8,753,3,3,1,Scatter,R_0_15,S_0_8
Experiment 3: Inner,8,754,3,3,2,Scatter,R_0_15,S_0_1
Experiment 3: Inner,8,755,3,3,3,Scatter,R_0_15,S_0_2
Experiment 3: Inner,8,756,3,3,4,Scatter,R_0_15,S_0_1
Experiment 3: Inner,8,757,3,3,5,Scatter,R_0_15,S_0_2
Experiment 3: Inner,8,758,3,3,6,Scatter,R_0_15,S_0_4
Experiment 3: Inner,8,759,3,3,7,Scatter,R_0_15,S_0_8
Experiment 3: Inner,8,760,3,3,8,Scatter,R_0_15,S_0_4
Experiment 3: Inner,8,761,3,4,1,Scatter,R_0_05,S_0_8
Experiment 3: Inner,8,762,3,4,2,Scatter,R_0_05,S_0_1
Experiment 3: Inner,8,763,3,4,3,Scatter,R_0_05,S_0_2
Experiment 3: Inner,8,764,3,4,4,Scatter,R_0_05,S_0_1
Experiment 3: Inner,8,765,3,4,5,Scatter,R_0_05,S_0_2
Experiment 3: Inner,8,766,3,4,6,Scatter,R_0_05,S_0_4
Experiment 3: Inner,8,767,3,4,7,Scatter,R_0_05,S_0_8
Experiment 3: Inner,8,768,3,4,8,Scatter,R_0_05,S_0_4
Experiment 3: Inner,9,769,1,1,1,Scatter,R_0_1,S_0_8
Experiment 3: Inner,9,770,1,1,2,Scatter,R_0_1,S_0_1
Experiment 3: Inner,9,771,1,1,3,Scatter,R_0_1,S_0_2
Experiment 3: Inner,9,772,1,1,4,Scatter,R_0_1,S_0_1
Experiment 3: Inner,9,773,1,1,5,Scatter,R_0_1,S_0_2
Experiment 3: Inner,9,774,1,1,6,Scatter,R_0_1,S_0_4
Experiment 3: Inner,9,775,1,1,7,Scatter,R_0_1,S_0_8
Experiment 3: Inner,9,776,1,1,8,Scatter,R_0_1,S_0_4
Experiment 3: Inner,9,777,1,2,1,Scatter,R_0_2,S_0_8
Experiment 3: Inner,9,778,1,2,2,Scatter,R_0_2,S_0_1
Experiment 3: Inner,9,779,1,2,3,Scatter,R_0_2,S_0_2
Experiment 3: Inner,9,780,1,2,4,Scatter,R_0_2,S_0_1
Experiment 3: Inner,9,781,1,2,5,Scatter,R_0_2,S_0_2
Experiment 3: Inner,9,782,1,2,6,Scatter,R_0_2,S_0_4
Experiment 3: Inner,9,783,1,2,7,Scatter,R_0_2,S_0_8
Experiment 3: Inner,9,784,1,2,8,Scatter,R_0_2,S_0_4
Experiment 3: Inner,9,785,1,3,1,Scatter,R_0_15,S_0_8
Experiment 3: Inner,9,786,1,3,2,Scatter,R_0_15,S_0_1
Experiment 3: Inner,9,787,1,3,3,Scatter,R_0_15,S_0_2
Experiment 3: Inner,9,788,1,3,4,Scatter,R_0_15,S_0_1
Experiment 3: Inner,9,789,1,3,5,Scatter,R_0_15,S_0_2
Experiment 3: Inner,9,790,1,3,6,Scatter,R_0_15,S_0_4
Experiment 3: Inner,9,791,1,3,7,Scatter,R_0_15,S_0_8
Experiment 3: Inner,9,792,1,3,8,Scatter,R_0_15,S_0_4
Experiment 3: Inner,9,793,1,4,1,Scatter,R_0_05,S_0_8
Experiment 3: Inner,9,794,1,4,2,Scatter,R_0_05,S_0_1
Experiment 3: Inner,9,795,1,4,3,Scatter,R_0_05,S_0_2
Experiment 3: Inner,9,796,1,4,4,Scatter,R_0_05,S_0_1
Experiment 3: Inner,9,797,1,4,5,Scatter,R_0_05,S_0_2
Experiment 3: Inner,9,798,1,4,6,Scatter,R_0_05,S_0_4
Experiment 3: Inner,9,799,1,4,7,Scatter,R_0_05,S_0_8
Experiment 3: Inner,9,800,1,4,8,Scatter,R_0_05,S_0_4
Experiment 3: Inner,9,801,2,1,1,Area,R_0_1,S_0_8
Experiment 3: Inner,9,802,2,1,2,Area,R_0_1,S_0_1
Experiment 3: Inner,9,803,2,1,3,Area,R_0_1,S_0_2
Experiment 3: Inner,9,804,2,1,4,Area,R_0_1,S_0_1
Experiment 3: Inner,9,805,2,1,5,Area,R_0_1,S_0_2
Experiment 3: Inner,9,806,2,1,6,Area,R_0_1,S_0_4
Experiment 3: Inner,9,807,2,1,7,Area,R_0_1,S_0_8
Experiment 3: Inner,9,808,2,1,8,Area,R_0_1,S_0_4
Experiment 3: Inner,9,809,2,2,1,Area,R_0_2,S_0_8
Experiment 3: Inner,9,810,2,2,2,Area,R_0_2,S_0_1
Experiment 3: Inner,9,811,2,2,3,Area,R_0_2,S_0_2
Experiment 3: Inner,9,812,2,2,4,Area,R_0_2,S_0_1
Experiment 3: Inner,9,813,2,2,5,Area,R_0_2,S_0_2
Experiment 3: Inner,9,814,2,2,6,Area,R_0_2,S_0_4
Experiment 3: Inner,9,815,2,2,7,Area,R_0_2,S_0_8
Experiment 3: Inner,9,816,2,2,8,Area,R_0_2,S_0_4
Experiment 3: Inner,9,817,2,3,1,Area,R_0_15,S_0_8
Experiment 3: Inner,9,818,2,3,2,Area,R_0_15,S_0_1
Experiment 3: Inner,9,819,2,3,3,Area,R_0_15,S_0_2
Experiment 3: Inner,9,820,2,3,4,Area,R_0_15,S_0_1
Experiment 3: Inner,9,821,2,3,5,Area,R_0_15,S_0_2
Experiment 3: Inner,9,822,2,3,6,Area,R_0_15,S_0_4
Experiment 3: Inner,9,823,2,3,7,Area,R_0_15,S_0_8
Experiment 3: Inner,9,824,2,3,8,Area,R_0_15,S_0_4
Experiment 3: Inner,9,825,2,4,1,Area,R_0_05,S_0_8
Experiment 3: Inner,9,826,2,4,2,Area,R_0_05,S_0_1
Experiment 3: Inner,9,827,2,4,3,Area,R_0_05,S_0_2
Experiment 3: Inner,9,828,2,4,4,Area,R_0_05,S_0_1
Experiment 3: Inner,9,829,2,4,5,Area,R_0_05,S_0_2
Experiment 3: Inner,9,830,2,4,6,Area,R_0_05,S_0_4
Experiment 3: Inner,9,831,2,4,7,Area,R_0_05,S_0_8
Experiment 3: Inner,9,832,2,4,8,Area,R_0_05,S_0_4
Experiment 3: Inner,9,833,3,1,1,Line,R_0_1,S_0_8
Experiment 3: Inner,9,834,3,1,2,Line,R_0_1,S_0_1
Experiment 3: Inner,9,835,3,1,3,Line,R_0_1,S_0_2
Experiment 3: Inner,9,836,3,1,4,Line,R_0_1,S_0_1
Experiment 3: Inner,9,837,3,1,5,Line,R_0_1,S_0_2
Experiment 3: Inner,9,838,3,1,6,Line,R_0_1,S_0_4
Experiment 3: Inner,9,839,3,1,7,Line,R_0_1,S_0_8
Experiment 3: Inner,9,840,3,1,8,Line,R_0_1,S_0_4
Experiment 3: Inner,9,841,3,2,1,Line,R_0_2,S_0_8
Experiment 3: Inner,9,842,3,2,2,Line,R_0_2,S_0_1
Experiment 3: Inner,9,843,3,2,3,Line,R_0_2,S_0_2
Experiment 3: Inner,9,844,3,2,4,Line,R_0_2,S_0_1
Experiment 3: Inner,9,845,3,2,5,Line,R_0_2,S_0_2
Experiment 3: Inner,9,846,3,2,6,Line,R_0_2,S_0_4
Experiment 3: Inner,9,847,3,2,7,Line,R_0_2,S_0_8
Experiment 3: Inner,9,848,3,2,8,Line,R_0_2,S_0_4
Experiment 3: Inner,9,849,3,3,1,Line,R_0_15,S_0_8
Experiment 3: Inner,9,850,3,3,2,Line,R_0_15,S_0_1
Experiment 3: Inner,9,851,3,3,3,Line,R_0_15,S_0_2
Experiment 3: Inner,9,852,3,3,4,Line,R_0_15,S_0_1
Experiment 3: Inner,9,853,3,3,5,Line,R_0_15,S_0_2
Experiment 3: Inner,9,854,3,3,6,Line,R_0_15,S_0_4
Experiment 3: Inner,9,855,3,3,7,Line,R_0_15,S_0_8
Experiment 3: Inner,9,856,3,3,8,Line,R_0_15,S_0_4
Experiment 3: Inner,9,857,3,4,1,Line,R_0_05,S_0_8
Experiment 3: Inner,9,858,3,4,2,Line,R_0_05,S_0_1
Experiment 3: Inner,9,859,3,4,3,Line,R_0_05,S_0_2
Experiment 3: Inner,9,860,3,4,4,Line,R_0_05,S_0_1
Experiment 3: Inner,9,861,3,4,5,Line,R_0_05,S_0_2
Experiment 3: Inner,9,862,3,4,6,Line,R_0_05,S_0_4
Experiment 3: Inner,9,863,3,4,7,Line,R_0_05,S_0_8
Experiment 3: Inner,9,864,3,4,8,Line,R_0_05,S_0_4
Experiment 3: Inner,10,865,1,1,1,Line,R_0_1,S_0_8
Experiment 3: Inner,10,866,1,1,2,Line,R_0_1,S_0_1
Experiment 3: Inner,10,867,1,1,3,Line,R_0_1,S_0_2
Experiment 3: Inner,10,868,1,1,4,Line,R_0_1,S_0_1
Experiment 3: Inner,10,869,1,1,5,Line,R_0_1,S_0_2
Experiment 3: Inner,10,870,1,1,6,Line,R_0_1,S_0_4
Experiment 3: Inner,10,871,1,1,7,Line,R_0_1,S_0_8
Experiment 3: Inner,10,872,1,1,8,Line,R_0_1,S_0_4
Experiment 3: Inner,10,873,1,2,1,Line,R_0_2,S_0_8
Experiment 3: Inner,10,874,1,2,2,Line,R_0_2,S_0_1
Experiment 3: Inner,10,875,1,2,3,Line,R_0_2,S_0_2
Experiment 3: Inner,10,876,1,2,4,Line,R_0_2,S_0_1
Experiment 3: Inner,10,877,1,2,5,Line,R_0_2,S_0_2
Experiment 3: Inner,10,878,1,2,6,Line,R_0_2,S_0_4
Experiment 3: Inner,10,879,1,2,7,Line,R_0_2,S_0_8
Experiment 3: Inner,10,880,1,2,8,Line,R_0_2,S_0_4
Experiment 3: Inner,10,881,1,3,1,Line,R_0_15,S_0_8
Experiment 3: Inner,10,882,1,3,2,Line,R_0_15,S_0_1
Experiment 3: Inner,10,883,1,3,3,Line,R_0_15,S_0_2
Experiment 3: Inner,10,884,1,3,4,Line,R_0_15,S_0_1
Experiment 3: Inner,10,885,1,3,5,Line,R_0_15,S_0_2
Experiment 3: Inner,10,886,1,3,6,Line,R_0_15,S_0_4
Experiment 3: Inner,10,887,1,3,7,Line,R_0_15,S_0_8
Experiment 3: Inner,10,888,1,3,8,Line,R_0_15,S_0_4
Experiment 3: Inner,10,889,1,4,1,Line,R_0_05,S_0_8
Experiment 3: Inner,10,890,1,4,2,Line,R_0_05,S_0_1
Experiment 3: Inner,10,891,1,4,3,Line,R_0_05,S_0_2
Experiment 3: Inner,10,892,1,4,4,Line,R_0_05,S_0_1
Experiment 3: Inner,10,893,1,4,5,Line,R_0_05,S_0_2
Experiment 3: Inner,10,894,1,4,6,Line,R_0_05,S_0_4
Experiment 3: Inner,10,895,1,4,7,Line,R_0_05,S_0_8
Experiment 3: Inner,10,896,1,4,8,Line,R_0_05,S_0_4
Experiment 3: Inner,10,897,2,1,1,Scatter,R_0_1,S_0_8
Experiment 3: Inner,10,898,2,1,2,Scatter,R_0_1,S_0_1
Experiment 3: Inner,10,899,2,1,3,Scatter,R_0_1,S_0_2
Experiment 3: Inner,10,900,2,1,4,Scatter,R_0_1,S_0_1
Experiment 3: Inner,10,901,2,1,5,Scatter,R_0_1,S_0_2
Experiment 3: Inner,10,902,2,1,6,Scatter,R_0_1,S_0_4
Experiment 3: Inner,10,903,2,1,7,Scatter,R_0_1,S_0_8
Experiment 3: Inner,10,904,2,1,8,Scatter,R_0_1,S_0_4
Experiment 3: Inner,10,905,2,2,1,Scatter,R_0_2,S_0_8
Experiment 3: Inner,10,906,2,2,2,Scatter,R_0_2,S_0_1
Experiment 3: Inner,10,907,2,2,3,Scatter,R_0_2,S_0_2
Experiment 3: Inner,10,908,2,2,4,Scatter,R_0_2,S_0_1
Experiment 3: Inner,10,909,2,2,5,Scatter,R_0_2,S_0_2
Experiment 3: Inner,10,910,2,2,6,Scatter,R_0_2,S_0_4
Experiment 3: Inner,10,911,2,2,7,Scatter,R_0_2,S_0_8
Experiment 3: Inner,10,912,2,2,8,Scatter,R_0_2,S_0_4
Experiment 3: Inner,10,913,2,3,1,Scatter,R_0_15,S_0_8
Experiment 3: Inner,10,914,2,3,2,Scatter,R_0_15,S_0_1
Experiment 3: Inner,10,915,2,3,3,Scatter,R_0_15,S_0_2
Experiment 3: Inner,10,916,2,3,4,Scatter,R_0_15,S_0_1
Experiment 3: Inner,10,917,2,3,5,Scatter,R_0_15,S_0_2
Experiment 3: Inner,10,918,2,3,6,Scatter,R_0_15,S_0_4
Experiment 3: Inner,10,919,2,3,7,Scatter,R_0_15,S_0_8
Experiment 3: Inner,10,920,2,3,8,Scatter,R_0_15,S_0_4
Experiment 3: Inner,10,921,2,4,1,Scatter,R_0_05,S_0_8
Experiment 3: Inner,10,922,2,4,2,Scatter,R_0_05,S_0_1
Experiment 3: Inner,10,923,2,4,3,Scatter,R_0_05,S_0_2
Experiment 3: Inner,10,924,2,4,4,Scatter,R_0_05,S_0_1
Experiment 3: Inner,10,925,2,4,5,Scatter,R_0_05,S_0_2
Experiment 3: Inner,10,926,2,4,6,Scatter,R_0_05,S_0_4
Experiment 3: Inner,10,927,2,4,7,Scatter,R_0_05,S_0_8
Experiment 3: Inner,10,928,2,4,8,Scatter,R_0_05,S_0_4
Experiment 3: Inner,10,929,3,1,1,Area,R_0_1,S_0_8
Experiment 3: Inner,10,930,3,1,2,Area,R_0_1,S_0_1
Experiment 3: Inner,10,931,3,1,3,Area,R_0_1,S_0_2
Experiment 3: Inner,10,932,3,1,4,Area,R_0_1,S_0_1
Experiment 3: Inner,10,933,3,1,5,Area,R_0_1,S_0_2
Experiment 3: Inner,10,934,3,1,6,Area,R_0_1,S_0_4
Experiment 3: Inner,10,935,3,1,7,Area,R_0_1,S_0_8
Experiment 3: Inner,10,936,3,1,8,Area,R_0_1,S_0_4
Experiment 3: Inner,10,937,3,2,1,Area,R_0_2,S_0_8
Experiment 3: Inner,10,938,3,2,2,Area,R_0_2,S_0_1
Experiment 3: Inner,10,939,3,2,3,Area,R_0_2,S_0_2
Experiment 3: Inner,10,940,3,2,4,Area,R_0_2,S_0_1
Experiment 3: Inner,10,941,3,2,5,Area,R_0_2,S_0_2
Experiment 3: Inner,10,942,3,2,6,Area,R_0_2,S_0_4
Experiment 3: Inner,10,943,3,2,7,Area,R_0_2,S_0_8
Experiment 3: Inner,10,944,3,2,8,Area,R_0_2,S_0_4
Experiment 3: Inner,10,945,3,3,1,Area,R_0_15,S_0_8
Experiment 3: Inner,10,946,3,3,2,Area,R_0_15,S_0_1
Experiment 3: Inner,10,947,3,3,3,Area,R_0_15,S_0_2
Experiment 3: Inner,10,948,3,3,4,Area,R_0_15,S_0_1
Experiment 3: Inner,10,949,3,3,5,Area,R_0_15,S_0_2
Experiment 3: Inner,10,950,3,3,6,Area,R_0_15,S_0_4
Experiment 3: Inner,10,951,3,3,7,Area,R_0_15,S_0_8
Experiment 3: Inner,10,952,3,3,8,Area,R_0_15,S_0_4
Experiment 3: Inner,10,953,3,4,1,Area,R_0_05,S_0_8
Experiment 3: Inner,10,954,3,4,2,Area,R_0_05,S_0_1
Experiment 3: Inner,10,955,3,4,3,Area,R_0_05,S_0_2
Experiment 3: Inner,10,956,3,4,4,Area,R_0_05,S_0_1
Experiment 3: Inner,10,957,3,4,5,Area,R_0_05,S_0_2
Experiment 3: Inner,10,958,3,4,6,Area,R_0_05,S_0_4
Experiment 3: Inner,10,959,3,4,7,Area,R_0_05,S_0_8
Experiment 3: Inner,10,960,3,4,8,Area,R_0_05,S_0_4
Experiment 3: Inner,11,961,1,1,1,Area,R_0_1,S_0_8
Experiment 3: Inner,11,962,1,1,2,Area,R_0_1,S_0_1
Experiment 3: Inner,11,963,1,1,3,Area,R_0_1,S_0_2
Experiment 3: Inner,11,964,1,1,4,Area,R_0_1,S_0_1
Experiment 3: Inner,11,965,1,1,5,Area,R_0_1,S_0_2
Experiment 3: Inner,11,966,1,1,6,Area,R_0_1,S_0_4
Experiment 3: Inner,11,967,1,1,7,Area,R_0_1,S_0_8
Experiment 3: Inner,11,968,1,1,8,Area,R_0_1,S_0_4
Experiment 3: Inner,11,969,1,2,1,Area,R_0_2,S_0_8
Experiment 3: Inner,11,970,1,2,2,Area,R_0_2,S_0_1
Experiment 3: Inner,11,971,1,2,3,Area,R_0_2,S_0_2
Experiment 3: Inner,11,972,1,2,4,Area,R_0_2,S_0_1
Experiment 3: Inner,11,973,1,2,5,Area,R_0_2,S_0_2
Experiment 3: Inner,11,974,1,2,6,Area,R_0_2,S_0_4
Experiment 3: Inner,11,975,1,2,7,Area,R_0_2,S_0_8
Experiment 3: Inner,11,976,1,2,8,Area,R_0_2,S_0_4
Experiment 3: Inner,11,977,1,3,1,Area,R_0_15,S_0_8
Experiment 3: Inner,11,978,1,3,2,Area,R_0_15,S_0_1
Experiment 3: Inner,11,979,1,3,3,Area,R_0_15,S_0_2
Experiment 3: Inner,11,980,1,3,4,Area,R_0_15,S_0_1
Experiment 3: Inner,11,981,1,3,5,Area,R_0_15,S_0_2
Experiment 3: Inner,11,982,1,3,6,Area,R_0_15,S_0_4
Experiment 3: Inner,11,983,1,3,7,Area,R_0_15,S_0_8
Experiment 3: Inner,11,984,1,3,8,Area,R_0_15,S_0_4
Experiment 3: Inner,11,985,1,4,1,Area,R_0_05,S_0_8
Experiment 3: Inner,11,986,1,4,2,Area,R_0_05,S_0_1
Experiment 3: Inner,11,987,1,4,3,Area,R_0_05,S_0_2
Experiment 3: Inner,11,988,1,4,4,Area,R_0_05,S_0_1
Experiment 3: Inner,11,989,1,4,5,Area,R_0_05,S_0_2
Experiment 3: Inner,11,990,1,4,6,Area,R_0_05,S_0_4
Experiment 3: Inner,11,991,1,4,7,Area,R_0_05,S_0_8
Experiment 3: Inner,11,992,1,4,8,Area,R_0_05,S_0_4
Experiment 3: Inner,11,993,2,1,1,Line,R_0_1,S_0_8
Experiment 3: Inner,11,994,2,1,2,Line,R_0_1,S_0_1
Experiment 3: Inner,11,995,2,1,3,Line,R_0_1,S_0_2
Experiment 3: Inner,11,996,2,1,4,Line,R_0_1,S_0_1
Experiment 3: Inner,11,997,2,1,5,Line,R_0_1,S_0_2
Experiment 3: Inner,11,998,2,1,6,Line,R_0_1,S_0_4
Experiment 3: Inner,11,999,2,1,7,Line,R_0_1,S_0_8
Experiment 3: Inner,11,1000,2,1,8,Line,R_0_1,S_0_4
Experiment 3: Inner,11,1001,2,2,1,Line,R_0_2,S_0_8
Experiment 3: Inner,11,1002,2,2,2,Line,R_0_2,S_0_1
Experiment 3: Inner,11,1003,2,2,3,Line,R_0_2,S_0_2
Experiment 3: Inner,11,1004,2,2,4,Line,R_0_2,S_0_1
Experiment 3: Inner,11,1005,2,2,5,Line,R_0_2,S_0_2
Experiment 3: Inner,11,1006,2,2,6,Line,R_0_2,S_0_4
Experiment 3: Inner,11,1007,2,2,7,Line,R_0_2,S_0_8
Experiment 3: Inner,11,1008,2,2,8,Line,R_0_2,S_0_4
Experiment 3: Inner,11,1009,2,3,1,Line,R_0_15,S_0_8
Experiment 3: Inner,11,1010,2,3,2,Line,R_0_15,S_0_1
Experiment 3: Inner,11,1011,2,3,3,Line,R_0_15,S_0_2
Experiment 3: Inner,11,1012,2,3,4,Line,R_0_15,S_0_1
Experiment 3: Inner,11,1013,2,3,5,Line,R_0_15,S_0_2
Experiment 3: Inner,11,1014,2,3,6,Line,R_0_15,S_0_4
Experiment 3: Inner,11,1015,2,3,7,Line,R_0_15,S_0_8
Experiment 3: Inner,11,1016,2,3,8,Line,R_0_15,S_0_4
Experiment 3: Inner,11,1017,2,4,1,Line,R_0_05,S_0_8
Experiment 3: Inner,11,1018,2,4,2,Line,R_0_05,S_0_1
Experiment 3: Inner,11,1019,2,4,3,Line,R_0_05,S_0_2
Experiment 3: Inner,11,1020,2,4,4,Line,R_0_05,S_0_1
Experiment 3: Inner,11,1021,2,4,5,Line,R_0_05,S_0_2
Experiment 3: Inner,11,1022,2,4,6,Line,R_0_05,S_0_4
Experiment 3: Inner,11,1023,2,4,7,Line,R_0_05,S_0_8
Experiment 3: Inner,11,1024,2,4,8,Line,R_0_05,S_0_4
Experiment 3: Inner,11,1025,3,1,1,Scatter,R_0_1,S_0_8
Experiment 3: Inner,11,1026,3,1,2,Scatter,R_0_1,S_0_1
Experiment 3: Inner,11,1027,3,1,3,Scatter,R_0_1,S_0_2
Experiment 3: Inner,11,1028,3,1,4,Scatter,R_0_1,S_0_1
Experiment 3: Inner,11,1029,3,1,5,Scatter,R_0_1,S_0_2
Experiment 3: Inner,11,1030,3,1,6,Scatter,R_0_1,S_0_4
Experiment 3: Inner,11,1031,3,1,7,Scatter,R_0_1,S_0_8
Experiment 3: Inner,11,1032,3,1,8,Scatter,R_0_1,S_0_4
Experiment 3: Inner,11,1033,3,2,1,Scatter,R_0_2,S_0_8
Experiment 3: Inner,11,1034,3,2,2,Scatter,R_0_2,S_0_1
Experiment 3: Inner,11,1035,3,2,3,Scatter,R_0_2,S_0_2
Experiment 3: Inner,11,1036,3,2,4,Scatter,R_0_2,S_0_1
Experiment 3: Inner,11,1037,3,2,5,Scatter,R_0_2,S_0_2
Experiment 3: Inner,11,1038,3,2,6,Scatter,R_0_2,S_0_4
Experiment 3: Inner,11,1039,3,2,7,Scatter,R_0_2,S_0_8
Experiment 3: Inner,11,1040,3,2,8,Scatter,R_0_2,S_0_4
Experiment 3: Inner,11,1041,3,3,1,Scatter,R_0_15,S_0_8
Experiment 3: Inner,11,1042,3,3,2,Scatter,R_0_15,S_0_1
Experiment 3: Inner,11,1043,3,3,3,Scatter,R_0_15,S_0_2
Experiment 3: Inner,11,1044,3,3,4,Scatter,R_0_15,S_0_1
Experiment 3: Inner,11,1045,3,3,5,Scatter,R_0_15,S_0_2
Experiment 3: Inner,11,1046,3,3,6,Scatter,R_0_15,S_0_4
Experiment 3: Inner,11,1047,3,3,7,Scatter,R_0_15,S_0_8
Experiment 3: Inner,11,1048,3,3,8,Scatter,R_0_15,S_0_4
Experiment 3: Inner,11,1049,3,4,1,Scatter,R_0_05,S_0_8
Experiment 3: Inner,11,1050,3,4,2,Scatter,R_0_05,S_0_1
Experiment 3: Inner,11,1051,3,4,3,Scatter,R_0_05,S_0_2
Experiment 3: Inner,11,1052,3,4,4,Scatter,R_0_05,S_0_1
Experiment 3: Inner,11,1053,3,4,5,Scatter,R_0_05,S_0_2
Experiment 3: Inner,11,1054,3,4,6,Scatter,R_0_05,S_0_4
Experiment 3: Inner,11,1055,3,4,7,Scatter,R_0_05,S_0_8
Experiment 3: Inner,11,1056,3,4,8,Scatter,R_0_05,S_0_4
Experiment 3: Inner,12,1057,1,1,1,Scatter,R_0_1,S_0_8
Experiment 3: Inner,12,1058,1,1,2,Scatter,R_0_1,S_0_1
Experiment 3: Inner,12,1059,1,1,3,Scatter,R_0_1,S_0_2
Experiment 3: Inner,12,1060,1,1,4,Scatter,R_0_1,S_0_1
Experiment 3: Inner,12,1061,1,1,5,Scatter,R_0_1,S_0_2
Experiment 3: Inner,12,1062,1,1,6,Scatter,R_0_1,S_0_4
Experiment 3: Inner,12,1063,1,1,7,Scatter,R_0_1,S_0_8
Experiment 3: Inner,12,1064,1,1,8,Scatter,R_0_1,S_0_4
Experiment 3: Inner,12,1065,1,2,1,Scatter,R_0_2,S_0_8
Experiment 3: Inner,12,1066,1,2,2,Scatter,R_0_2,S_0_1
Experiment 3: Inner,12,1067,1,2,3,Scatter,R_0_2,S_0_2
Experiment 3: Inner,12,1068,1,2,4,Scatter,R_0_2,S_0_1
Experiment 3: Inner,12,1069,1,2,5,Scatter,R_0_2,S_0_2
Experiment 3: Inner,12,1070,1,2,6,Scatter,R_0_2,S_0_4
Experiment 3: Inner,12,1071,1,2,7,Scatter,R_0_2,S_0_8
Experiment 3: Inner,12,1072,1,2,8,Scatter,R_0_2,S_0_4
Experiment 3: Inner,12,1073,1,3,1,Scatter,R_0_15,S_0_8
Experiment 3: Inner,12,1074,1,3,2,Scatter,R_0_15,S_0_1
Experiment 3: Inner,12,1075,1,3,3,Scatter,R_0_15,S_0_2
Experiment 3: Inner,12,1076,1,3,4,Scatter,R_0_15,S_0_1
Experiment 3: Inner,12,1077,1,3,5,Scatter,R_0_15,S_0_2
Experiment 3: Inner,12,1078,1,3,6,Scatter,R_0_15,S_0_4
Experiment 3: Inner,12,1079,1,3,7,Scatter,R_0_15,S_0_8
Experiment 3: Inner,12,1080,1,3,8,Scatter,R_0_15,S_0_4
Experiment 3: Inner,12,1081,1,4,1,Scatter,R_0_05,S_0_8
Experiment 3: Inner,12,1082,1,4,2,Scatter,R_0_05,S_0_1
Experiment 3: Inner,12,1083,1,4,3,Scatter,R_0_05,S_0_2
Experiment 3: Inner,12,1084,1,4,4,Scatter,R_0_05,S_0_1
Experiment 3: Inner,12,1085,1,4,5,Scatter,R_0_05,S_0_2
Experiment 3: Inner,12,1086,1,4,6,Scatter,R_0_05,S_0_4
Experiment 3: Inner,12,1087,1,4,7,Scatter,R_0_05,S_0_8
Experiment 3: Inner,12,1088,1,4,8,Scatter,R_0_05,S_0_4
Experiment 3: Inner,12,1089,2,1,1,Area,R_0_1,S_0_8
Experiment 3: Inner,12,1090,2,1,2,Area,R_0_1,S_0_1
Experiment 3: Inner,12,1091,2,1,3,Area,R_0_1,S_0_2
Experiment 3: Inner,12,1092,2,1,4,Area,R_0_1,S_0_1
Experiment 3: Inner,12,1093,2,1,5,Area,R_0_1,S_0_2
Experiment 3: Inner,12,1094,2,1,6,Area,R_0_1,S_0_4
Experiment 3: Inner,12,1095,2,1,7,Area,R_0_1,S_0_8
Experiment 3: Inner,12,1096,2,1,8,Area,R_0_1,S_0_4
Experiment 3: Inner,12,1097,2,2,1,Area,R_0_2,S_0_8
Experiment 3: Inner,12,1098,2,2,2,Area,R_0_2,S_0_1
Experiment 3: Inner,12,1099,2,2,3,Area,R_0_2,S_0_2
Experiment 3: Inner,12,1100,2,2,4,Area,R_0_2,S_0_1
Experiment 3: Inner,12,1101,2,2,5,Area,R_0_2,S_0_2
Experiment 3: Inner,12,1102,2,2,6,Area,R_0_2,S_0_4
Experiment 3: Inner,12,1103,2,2,7,Area,R_0_2,S_0_8
Experiment 3: Inner,12,1104,2,2,8,Area,R_0_2,S_0_4
Experiment 3: Inner,12,1105,2,3,1,Area,R_0_15,S_0_8
Experiment 3: Inner,12,1106,2,3,2,Area,R_0_15,S_0_1
Experiment 3: Inner,12,1107,2,3,3,Area,R_0_15,S_0_2
Experiment 3: Inner,12,1108,2,3,4,Area,R_0_15,S_0_1
Experiment 3: Inner,12,1109,2,3,5,Area,R_0_15,S_0_2
Experiment 3: Inner,12,1110,2,3,6,Area,R_0_15,S_0_4
Experiment 3: Inner,12,1111,2,3,7,Area,R_0_15,S_0_8
Experiment 3: Inner,12,1112,2,3,8,Area,R_0_15,S_0_4
Experiment 3: Inner,12,1113,2,4,1,Area,R_0_05,S_0_8
Experiment 3: Inner,12,1114,2,4,2,Area,R_0_05,S_0_1
Experiment 3: Inner,12,1115,2,4,3,Area,R_0_05,S_0_2
Experiment 3: Inner,12,1116,2,4,4,Area,R_0_05,S_0_1
Experiment 3: Inner,12,1117,2,4,5,Area,R_0_05,S_0_2
Experiment 3: Inner,12,1118,2,4,6,Area,R_0_05,S_0_4
Experiment 3: Inner,12,1119,2,4,7,Area,R_0_05,S_0_8
Experiment 3: Inner,12,1120,2,4,8,Area,R_0_05,S_0_4
Experiment 3: Inner,12,1121,3,1,1,Line,R_0_1,S_0_8
Experiment 3: Inner,12,1122,3,1,2,Line,R_0_1,S_0_1
Experiment 3: Inner,12,1123,3,1,3,Line,R_0_1,S_0_2
Experiment 3: Inner,12,1124,3,1,4,Line,R_0_1,S_0_1
Experiment 3: Inner,12,1125,3,1,5,Line,R_0_1,S_0_2
Experiment 3: Inner,12,1126,3,1,6,Line,R_0_1,S_0_4
Experiment 3: Inner,12,1127,3,1,7,Line,R_0_1,S_0_8
Experiment 3: Inner,12,1128,3,1,8,Line,R_0_1,S_0_4
Experiment 3: Inner,12,1129,3,2,1,Line,R_0_2,S_0_8
Experiment 3: Inner,12,1130,3,2,2,Line,R_0_2,S_0_1
Experiment 3: Inner,12,1131,3,2,3,Line,R_0_2,S_0_2
Experiment 3: Inner,12,1132,3,2,4,Line,R_0_2,S_0_1
Experiment 3: Inner,12,1133,3,2,5,Line,R_0_2,S_0_2
Experiment 3: Inner,12,1134,3,2,6,Line,R_0_2,S_0_4
Experiment 3: Inner,12,1135,3,2,7,Line,R_0_2,S_0_8
Experiment 3: Inner,12,1136,3,2,8,Line,R_0_2,S_0_4
Experiment 3: Inner,12,1137,3,3,1,Line,R_0_15,S_0_8
Experiment 3: Inner,12,1138,3,3,2,Line,R_0_15,S_0_1
Experiment 3: Inner,12,1139,3,3,3,Line,R_0_15,S_0_2
Experiment 3: Inner,12,1140,3,3,4,Line,R_0_15,S_0_1
Experiment 3: Inner,12,1141,3,3,5,Line,R_0_15,S_0_2
Experiment 3: Inner,12,1142,3,3,6,Line,R_0_15,S_0_4
Experiment 3: Inner,12,1143,3,3,7,Line,R_0_15,S_0_8
Experiment 3: Inner,12,1144,3,3,8,Line,R_0_15,S_0_4
Experiment 3: Inner,12,1145,3,4,1,Line,R_0_05,S_0_8
Experiment 3: Inner,12,1146,3,4,2,Line,R_0_05,S_0_1
Experiment 3: Inner,12,1147,3,4,3,Line,R_0_05,S_0_2
Experiment 3: Inner,12,1148,3,4,4,Line,R_0_05,S_0_1
Experiment 3: Inner,12,1149,3,4,5,Line,R_0_05,S_0_2
Experiment 3: Inner,12,1150,3,4,6,Line,R_0_05,S_0_4
Experiment 3: Inner,12,1151,3,4,7,Line,R_0_05,S_0_8
Experiment 3: Inner,12,1152,3,4,8,Line,R_0_05,S_0_4
Experiment 3: Inner,13,1153,1,1,1,Line,R_0_1,S_0_8
Experiment 3: Inner,13,1154,1,1,2,Line,R_0_1,S_0_1
Experiment 3: Inner,13,1155,1,1,3,Line,R_0_1,S_0_2
Experiment 3: Inner,13,1156,1,1,4,Line,R_0_1,S_0_1
Experiment 3: Inner,13,1157,1,1,5,Line,R_0_1,S_0_2
Experiment 3: Inner,13,1158,1,1,6,Line,R_0_1,S_0_4
Experiment 3: Inner,13,1159,1,1,7,Line,R_0_1,S_0_8
Experiment 3: Inner,13,1160,1,1,8,Line,R_0_1,S_0_4
Experiment 3: Inner,13,1161,1,2,1,Line,R_0_2,S_0_8
Experiment 3: Inner,13,1162,1,2,2,Line,R_0_2,S_0_1
Experiment 3: Inner,13,1163,1,2,3,Line,R_0_2,S_0_2
Experiment 3: Inner,13,1164,1,2,4,Line,R_0_2,S_0_1
Experiment 3: Inner,13,1165,1,2,5,Line,R_0_2,S_0_2
Experiment 3: Inner,13,1166,1,2,6,Line,R_0_2,S_0_4
Experiment 3: Inner,13,1167,1,2,7,Line,R_0_2,S_0_8
Experiment 3: Inner,13,1168,1,2,8,Line,R_0_2,S_0_4
Experiment 3: Inner,13,1169,1,3,1,Line,R_0_15,S_0_8
Experiment 3: Inner,13,1170,1,3,2,Line,R_0_15,S_0_1
Experiment 3: Inner,13,1171,1,3,3,Line,R_0_15,S_0_2
Experiment 3: Inner,13,1172,1,3,4,Line,R_0_15,S_0_1
Experiment 3: Inner,13,1173,1,3,5,Line,R_0_15,S_0_2
Experiment 3: Inner,13,1174,1,3,6,Line,R_0_15,S_0_4
Experiment 3: Inner,13,1175,1,3,7,Line,R_0_15,S_0_8
Experiment 3: Inner,13,1176,1,3,8,Line,R_0_15,S_0_4
Experiment 3: Inner,13,1177,1,4,1,Line,R_0_05,S_0_8
Experiment 3: Inner,13,1178,1,4,2,Line,R_0_05,S_0_1
Experiment 3: Inner,13,1179,1,4,3,Line,R_0_05,S_0_2
Experiment 3: Inner,13,1180,1,4,4,Line,R_0_05,S_0_1
Experiment 3: Inner,13,1181,1,4,5,Line,R_0_05,S_0_2
Experiment 3: Inner,13,1182,1,4,6,Line,R_0_05,S_0_4
Experiment 3: Inner,13,1183,1,4,7,Line,R_0_05,S_0_8
Experiment 3: Inner,13,1184,1,4,8,Line,R_0_05,S_0_4
Experiment 3: Inner,13,1185,2,1,1,Scatter,R_0_1,S_0_8
Experiment 3: Inner,13,1186,2,1,2,Scatter,R_0_1,S_0_1
Experiment 3: Inner,13,1187,2,1,3,Scatter,R_0_1,S_0_2
Experiment 3: Inner,13,1188,2,1,4,Scatter,R_0_1,S_0_1
Experiment 3: Inner,13,1189,2,1,5,Scatter,R_0_1,S_0_2
Experiment 3: Inner,13,1190,2,1,6,Scatter,R_0_1,S_0_4
Experiment 3: Inner,13,1191,2,1,7,Scatter,R_0_1,S_0_8
Experiment 3: Inner,13,1192,2,1,8,Scatter,R_0_1,S_0_4
Experiment 3: Inner,13,1193,2,2,1,Scatter,R_0_2,S_0_8
Experiment 3: Inner,13,1194,2,2,2,Scatter,R_0_2,S_0_1
Experiment 3: Inner,13,1195,2,2,3,Scatter,R_0_2,S_0_2
Experiment 3: Inner,13,1196,2,2,4,Scatter,R_0_2,S_0_1
Experiment 3: Inner,13,1197,2,2,5,Scatter,R_0_2,S_0_2
Experiment 3: Inner,13,1198,2,2,6,Scatter,R_0_2,S_0_4
Experiment 3: Inner,13,1199,2,2,7,Scatter,R_0_2,S_0_8
Experiment 3: Inner,13,1200,2,2,8,Scatter,R_0_2,S_0_4
Experiment 3: Inner,13,1201,2,3,1,Scatter,R_0_15,S_0_8
Experiment 3: Inner,13,1202,2,3,2,Scatter,R_0_15,S_0_1
Experiment 3: Inner,13,1203,2,3,3,Scatter,R_0_15,S_0_2
Experiment 3: Inner,13,1204,2,3,4,Scatter,R_0_15,S_0_1
Experiment 3: Inner,13,1205,2,3,5,Scatter,R_0_15,S_0_2
Experiment 3: Inner,13,1206,2,3,6,Scatter,R_0_15,S_0_4
Experiment 3: Inner,13,1207,2,3,7,Scatter,R_0_15,S_0_8
Experiment 3: Inner,13,1208,2,3,8,Scatter,R_0_15,S_0_4
Experiment 3: Inner,13,1209,2,4,1,Scatter,R_0_05,S_0_8
Experiment 3: Inner,13,1210,2,4,2,Scatter,R_0_05,S_0_1
Experiment 3: Inner,13,1211,2,4,3,Scatter,R_0_05,S_0_2
Experiment 3: Inner,13,1212,2,4,4,Scatter,R_0_05,S_0_1
Experiment 3: Inner,13,1213,2,4,5,Scatter,R_0_05,S_0_2
Experiment 3: Inner,13,1214,2,4,6,Scatter,R_0_05,S_0_4
Experiment 3: Inner,13,1215,2,4,7,Scatter,R_0_05,S_0_8
Experiment 3: Inner,13,1216,2,4,8,Scatter,R_0_05,S_0_4
Experiment 3: Inner,13,1217,3,1,1,Area,R_0_1,S_0_8
Experiment 3: Inner,13,1218,3,1,2,Area,R_0_1,S_0_1
Experiment 3: Inner,13,1219,3,1,3,Area,R_0_1,S_0_2
Experiment 3: Inner,13,1220,3,1,4,Area,R_0_1,S_0_1
Experiment 3: Inner,13,1221,3,1,5,Area,R_0_1,S_0_2
Experiment 3: Inner,13,1222,3,1,6,Area,R_0_1,S_0_4
Experiment 3: Inner,13,1223,3,1,7,Area,R_0_1,S_0_8
Experiment 3: Inner,13,1224,3,1,8,Area,R_0_1,S_0_4
Experiment 3: Inner,13,1225,3,2,1,Area,R_0_2,S_0_8
Experiment 3: Inner,13,1226,3,2,2,Area,R_0_2,S_0_1
Experiment 3: Inner,13,1227,3,2,3,Area,R_0_2,S_0_2
Experiment 3: Inner,13,1228,3,2,4,Area,R_0_2,S_0_1
Experiment 3: Inner,13,1229,3,2,5,Area,R_0_2,S_0_2
Experiment 3: Inner,13,1230,3,2,6,Area,R_0_2,S_0_4
Experiment 3: Inner,13,1231,3,2,7,Area,R_0_2,S_0_8
Experiment 3: Inner,13,1232,3,2,8,Area,R_0_2,S_0_4
Experiment 3: Inner,13,1233,3,3,1,Area,R_0_15,S_0_8
Experiment 3: Inner,13,1234,3,3,2,Area,R_0_15,S_0_1
Experiment 3: Inner,13,1235,3,3,3,Area,R_0_15,S_0_2
Experiment 3: Inner,13,1236,3,3,4,Area,R_0_15,S_0_1
Experiment 3: Inner,13,1237,3,3,5,Area,R_0_15,S_0_2
Experiment 3: Inner,13,1238,3,3,6,Area,R_0_15,S_0_4
Experiment 3: Inner,13,1239,3,3,7,Area,R_0_15,S_0_8
Experiment 3: Inner,13,1240,3,3,8,Area,R_0_15,S_0_4
Experiment 3: Inner,13,1241,3,4,1,Area,R_0_05,S_0_8
Experiment 3: Inner,13,1242,3,4,2,Area,R_0_05,S_0_1
Experiment 3: Inner,13,1243,3,4,3,Area,R_0_05,S_0_2
Experiment 3: Inner,13,1244,3,4,4,Area,R_0_05,S_0_1
Experiment 3: Inner,13,1245,3,4,5,Area,R_0_05,S_0_2
Experiment 3: Inner,13,1246,3,4,6,Area,R_0_05,S_0_4
Experiment 3: Inner,13,1247,3,4,7,Area,R_0_05,S_0_8
Experiment 3: Inner,13,1248,3,4,8,Area,R_0_05,S_0_4
Experiment 3: Inner,14,1249,1,1,1,Area,R_0_1,S_0_8
Experiment 3: Inner,14,1250,1,1,2,Area,R_0_1,S_0_1
Experiment 3: Inner,14,1251,1,1,3,Area,R_0_1,S_0_2
Experiment 3: Inner,14,1252,1,1,4,Area,R_0_1,S_0_1
Experiment 3: Inner,14,1253,1,1,5,Area,R_0_1,S_0_2
Experiment 3: Inner,14,1254,1,1,6,Area,R_0_1,S_0_4
Experiment 3: Inner,14,1255,1,1,7,Area,R_0_1,S_0_8
Experiment 3: Inner,14,1256,1,1,8,Area,R_0_1,S_0_4
Experiment 3: Inner,14,1257,1,2,1,Area,R_0_2,S_0_8
Experiment 3: Inner,14,1258,1,2,2,Area,R_0_2,S_0_1
Experiment 3: Inner,14,1259,1,2,3,Area,R_0_2,S_0_2
Experiment 3: Inner,14,1260,1,2,4,Area,R_0_2,S_0_1
Experiment 3: Inner,14,1261,1,2,5,Area,R_0_2,S_0_2
Experiment 3: Inner,14,1262,1,2,6,Area,R_0_2,S_0_4
Experiment 3: Inner,14,1263,1,2,7,Area,R_0_2,S_0_8
Experiment 3: Inner,14,1264,1,2,8,Area,R_0_2,S_0_4
Experiment 3: Inner,14,1265,1,3,1,Area,R_0_15,S_0_8
Experiment 3: Inner,14,1266,1,3,2,Area,R_0_15,S_0_1
Experiment 3: Inner,14,1267,1,3,3,Area,R_0_15,S_0_2
Experiment 3: Inner,14,1268,1,3,4,Area,R_0_15,S_0_1
Experiment 3: Inner,14,1269,1,3,5,Area,R_0_15,S_0_2
Experiment 3: Inner,14,1270,1,3,6,Area,R_0_15,S_0_4
Experiment 3: Inner,14,1271,1,3,7,Area,R_0_15,S_0_8
Experiment 3: Inner,14,1272,1,3,8,Area,R_0_15,S_0_4
Experiment 3: Inner,14,1273,1,4,1,Area,R_0_05,S_0_8
Experiment 3: Inner,14,1274,1,4,2,Area,R_0_05,S_0_1
Experiment 3: Inner,14,1275,1,4,3,Area,R_0_05,S_0_2
Experiment 3: Inner,14,1276,1,4,4,Area,R_0_05,S_0_1
Experiment 3: Inner,14,1277,1,4,5,Area,R_0_05,S_0_2
Experiment 3: Inner,14,1278,1,4,6,Area,R_0_05,S_0_4
Experiment 3: Inner,14,1279,1,4,7,Area,R_0_05,S_0_8
Experiment 3: Inner,14,1280,1,4,8,Area,R_0_05,S_0_4
Experiment 3: Inner,14,1281,2,1,1,Line,R_0_1,S_0_8
Experiment 3: Inner,14,1282,2,1,2,Line,R_0_1,S_0_1
Experiment 3: Inner,14,1283,2,1,3,Line,R_0_1,S_0_2
Experiment 3: Inner,14,1284,2,1,4,Line,R_0_1,S_0_1
Experiment 3: Inner,14,1285,2,1,5,Line,R_0_1,S_0_2
Experiment 3: Inner,14,1286,2,1,6,Line,R_0_1,S_0_4
Experiment 3: Inner,14,1287,2,1,7,Line,R_0_1,S_0_8
Experiment 3: Inner,14,1288,2,1,8,Line,R_0_1,S_0_4
Experiment 3: Inner,14,1289,2,2,1,Line,R_0_2,S_0_8
Experiment 3: Inner,14,1290,2,2,2,Line,R_0_2,S_0_1
Experiment 3: Inner,14,1291,2,2,3,Line,R_0_2,S_0_2
Experiment 3: Inner,14,1292,2,2,4,Line,R_0_2,S_0_1
Experiment 3: Inner,14,1293,2,2,5,Line,R_0_2,S_0_2
Experiment 3: Inner,14,1294,2,2,6,Line,R_0_2,S_0_4
Experiment 3: Inner,14,1295,2,2,7,Line,R_0_2,S_0_8
Experiment 3: Inner,14,1296,2,2,8,Line,R_0_2,S_0_4
Experiment 3: Inner,14,1297,2,3,1,Line,R_0_15,S_0_8
Experiment 3: Inner,14,1298,2,3,2,Line,R_0_15,S_0_1
Experiment 3: Inner,14,1299,2,3,3,Line,R_0_15,S_0_2
Experiment 3: Inner,14,1300,2,3,4,Line,R_0_15,S_0_1
Experiment 3: Inner,14,1301,2,3,5,Line,R_0_15,S_0_2
Experiment 3: Inner,14,1302,2,3,6,Line,R_0_15,S_0_4
Experiment 3: Inner,14,1303,2,3,7,Line,R_0_15,S_0_8
Experiment 3: Inner,14,1304,2,3,8,Line,R_0_15,S_0_4
Experiment 3: Inner,14,1305,2,4,1,Line,R_0_05,S_0_8
Experiment 3: Inner,14,1306,2,4,2,Line,R_0_05,S_0_1
Experiment 3: Inner,14,1307,2,4,3,Line,R_0_05,S_0_2
Experiment 3: Inner,14,1308,2,4,4,Line,R_0_05,S_0_1
Experiment 3: Inner,14,1309,2,4,5,Line,R_0_05,S_0_2
Experiment 3: Inner,14,1310,2,4,6,Line,R_0_05,S_0_4
Experiment 3: Inner,14,1311,2,4,7,Line,R_0_05,S_0_8
Experiment 3: Inner,14,1312,2,4,8,Line,R_0_05,S_0_4
Experiment 3: Inner,14,1313,3,1,1,Scatter,R_0_1,S_0_8
Experiment 3: Inner,14,1314,3,1,2,Scatter,R_0_1,S_0_1
Experiment 3: Inner,14,1315,3,1,3,Scatter,R_0_1,S_0_2
Experiment 3: Inner,14,1316,3,1,4,Scatter,R_0_1,S_0_1
Experiment 3: Inner,14,1317,3,1,5,Scatter,R_0_1,S_0_2
Experiment 3: Inner,14,1318,3,1,6,Scatter,R_0_1,S_0_4
Experiment 3: Inner,14,1319,3,1,7,Scatter,R_0_1,S_0_8
Experiment 3: Inner,14,1320,3,1,8,Scatter,R_0_1,S_0_4
Experiment 3: Inner,14,1321,3,2,1,Scatter,R_0_2,S_0_8
Experiment 3: Inner,14,1322,3,2,2,Scatter,R_0_2,S_0_1
Experiment 3: Inner,14,1323,3,2,3,Scatter,R_0_2,S_0_2
Experiment 3: Inner,14,1324,3,2,4,Scatter,R_0_2,S_0_1
Experiment 3: Inner,14,1325,3,2,5,Scatter,R_0_2,S_0_2
Experiment 3: Inner,14,1326,3,2,6,Scatter,R_0_2,S_0_4
Experiment 3: Inner,14,1327,3,2,7,Scatter,R_0_2,S_0_8
Experiment 3: Inner,14,1328,3,2,8,Scatter,R_0_2,S_0_4
Experiment 3: Inner,14,1329,3,3,1,Scatter,R_0_15,S_0_8
Experiment 3: Inner,14,1330,3,3,2,Scatter,R_0_15,S_0_1
Experiment 3: Inner,14,1331,3,3,3,Scatter,R_0_15,S_0_2
Experiment 3: Inner,14,1332,3,3,4,Scatter,R_0_15,S_0_1
Experiment 3: Inner,14,1333,3,3,5,Scatter,R_0_15,S_0_2
Experiment 3: Inner,14,1334,3,3,6,Scatter,R_0_15,S_0_4
Experiment 3: Inner,14,1335,3,3,7,Scatter,R_0_15,S_0_8
Experiment 3: Inner,14,1336,3,3,8,Scatter,R_0_15,S_0_4
Experiment 3: Inner,14,1337,3,4,1,Scatter,R_0_05,S_0_8
Experiment 3: Inner,14,1338,3,4,2,Scatter,R_0_05,S_0_1
Experiment 3: Inner,14,1339,3,4,3,Scatter,R_0_05,S_0_2
Experiment 3: Inner,14,1340,3,4,4,Scatter,R_0_05,S_0_1
Experiment 3: Inner,14,1341,3,4,5,Scatter,R_0_05,S_0_2
Experiment 3: Inner,14,1342,3,4,6,Scatter,R_0_05,S_0_4
Experiment 3: Inner,14,1343,3,4,7,Scatter,R_0_05,S_0_8
Experiment 3: Inner,14,1344,3,4,8,Scatter,R_0_05,S_0_4
Experiment 3: Inner,15,1345,1,1,1,Scatter,R_0_1,S_0_8
Experiment 3: Inner,15,1346,1,1,2,Scatter,R_0_1,S_0_1
Experiment 3: Inner,15,1347,1,1,3,Scatter,R_0_1,S_0_2
Experiment 3: Inner,15,1348,1,1,4,Scatter,R_0_1,S_0_1
Experiment 3: Inner,15,1349,1,1,5,Scatter,R_0_1,S_0_2
Experiment 3: Inner,15,1350,1,1,6,Scatter,R_0_1,S_0_4
Experiment 3: Inner,15,1351,1,1,7,Scatter,R_0_1,S_0_8
Experiment 3: Inner,15,1352,1,1,8,Scatter,R_0_1,S_0_4
Experiment 3: Inner,15,1353,1,2,1,Scatter,R_0_2,S_0_8
Experiment 3: Inner,15,1354,1,2,2,Scatter,R_0_2,S_0_1
Experiment 3: Inner,15,1355,1,2,3,Scatter,R_0_2,S_0_2
Experiment 3: Inner,15,1356,1,2,4,Scatter,R_0_2,S_0_1
Experiment 3: Inner,15,1357,1,2,5,Scatter,R_0_2,S_0_2
Experiment 3: Inner,15,1358,1,2,6,Scatter,R_0_2,S_0_4
Experiment 3: Inner,15,1359,1,2,7,Scatter,R_0_2,S_0_8
Experiment 3: Inner,15,1360,1,2,8,Scatter,R_0_2,S_0_4
Experiment 3: Inner,15,1361,1,3,1,Scatter,R_0_15,S_0_8
Experiment 3: Inner,15,1362,1,3,2,Scatter,R_0_15,S_0_1
Experiment 3: Inner,15,1363,1,3,3,Scatter,R_0_15,S_0_2
Experiment 3: Inner,15,1364,1,3,4,Scatter,R_0_15,S_0_1
Experiment 3: Inner,15,1365,1,3,5,Scatter,R_0_15,S_0_2
Experiment 3: Inner,15,1366,1,3,6,Scatter,R_0_15,S_0_4
Experiment 3: Inner,15,1367,1,3,7,Scatter,R_0_15,S_0_8
Experiment 3: Inner,15,1368,1,3,8,Scatter,R_0_15,S_0_4
Experiment 3: Inner,15,1369,1,4,1,Scatter,R_0_05,S_0_8
Experiment 3: Inner,15,1370,1,4,2,Scatter,R_0_05,S_0_1
Experiment 3: Inner,15,1371,1,4,3,Scatter,R_0_05,S_0_2
Experiment 3: Inner,15,1372,1,4,4,Scatter,R_0_05,S_0_1
Experiment 3: Inner,15,1373,1,4,5,Scatter,R_0_05,S_0_2
Experiment 3: Inner,15,1374,1,4,6,Scatter,R_0_05,S_0_4
Experiment 3: Inner,15,1375,1,4,7,Scatter,R_0_05,S_0_8
Experiment 3: Inner,15,1376,1,4,8,Scatter,R_0_05,S_0_4
Experiment 3: Inner,15,1377,2,1,1,Area,R_0_1,S_0_8
Experiment 3: Inner,15,1378,2,1,2,Area,R_0_1,S_0_1
Experiment 3: Inner,15,1379,2,1,3,Area,R_0_1,S_0_2
Experiment 3: Inner,15,1380,2,1,4,Area,R_0_1,S_0_1
Experiment 3: Inner,15,1381,2,1,5,Area,R_0_1,S_0_2
Experiment 3: Inner,15,1382,2,1,6,Area,R_0_1,S_0_4
Experiment 3: Inner,15,1383,2,1,7,Area,R_0_1,S_0_8
Experiment 3: Inner,15,1384,2,1,8,Area,R_0_1,S_0_4
Experiment 3: Inner,15,1385,2,2,1,Area,R_0_2,S_0_8
Experiment 3: Inner,15,1386,2,2,2,Area,R_0_2,S_0_1
Experiment 3: Inner,15,1387,2,2,3,Area,R_0_2,S_0_2
Experiment 3: Inner,15,1388,2,2,4,Area,R_0_2,S_0_1
Experiment 3: Inner,15,1389,2,2,5,Area,R_0_2,S_0_2
Experiment 3: Inner,15,1390,2,2,6,Area,R_0_2,S_0_4
Experiment 3: Inner,15,1391,2,2,7,Area,R_0_2,S_0_8
Experiment 3: Inner,15,1392,2,2,8,Area,R_0_2,S_0_4
Experiment 3: Inner,15,1393,2,3,1,Area,R_0_15,S_0_8
Experiment 3: Inner,15,1394,2,3,2,Area,R_0_15,S_0_1
Experiment 3: Inner,15,1395,2,3,3,Area,R_0_15,S_0_2
Experiment 3: Inner,15,1396,2,3,4,Area,R_0_15,S_0_1
Experiment 3: Inner,15,1397,2,3,5,Area,R_0_15,S_0_2
Experiment 3: Inner,15,1398,2,3,6,Area,R_0_15,S_0_4
Experiment 3: Inner,15,1399,2,3,7,Area,R_0_15,S_0_8
Experiment 3: Inner,15,1400,2,3,8,Area,R_0_15,S_0_4
Experiment 3: Inner,15,1401,2,4,1,Area,R_0_05,S_0_8
Experiment 3: Inner,15,1402,2,4,2,Area,R_0_05,S_0_1
Experiment 3: Inner,15,1403,2,4,3,Area,R_0_05,S_0_2
Experiment 3: Inner,15,1404,2,4,4,Area,R_0_05,S_0_1
Experiment 3: Inner,15,1405,2,4,5,Area,R_0_05,S_0_2
Experiment 3: Inner,15,1406,2,4,6,Area,R_0_05,S_0_4
Experiment 3: Inner,15,1407,2,4,7,Area,R_0_05,S_0_8
Experiment 3: Inner,15,1408,2,4,8,Area,R_0_05,S_0_4
Experiment 3: Inner,15,1409,3,1,1,Line,R_0_1,S_0_8
Experiment 3: Inner,15,1410,3,1,2,Line,R_0_1,S_0_1
Experiment 3: Inner,15,1411,3,1,3,Line,R_0_1,S_0_2
Experiment 3: Inner,15,1412,3,1,4,Line,R_0_1,S_0_1
Experiment 3: Inner,15,1413,3,1,5,Line,R_0_1,S_0_2
Experiment 3: Inner,15,1414,3,1,6,Line,R_0_1,S_0_4
Experiment 3: Inner,15,1415,3,1,7,Line,R_0_1,S_0_8
Experiment 3: Inner,15,1416,3,1,8,Line,R_0_1,S_0_4
Experiment 3: Inner,15,1417,3,2,1,Line,R_0_2,S_0_8
Experiment 3: Inner,15,1418,3,2,2,Line,R_0_2,S_0_1
Experiment 3: Inner,15,1419,3,2,3,Line,R_0_2,S_0_2
Experiment 3: Inner,15,1420,3,2,4,Line,R_0_2,S_0_1
Experiment 3: Inner,15,1421,3,2,5,Line,R_0_2,S_0_2
Experiment 3: Inner,15,1422,3,2,6,Line,R_0_2,S_0_4
Experiment 3: Inner,15,1423,3,2,7,Line,R_0_2,S_0_8
Experiment 3: Inner,15,1424,3,2,8,Line,R_0_2,S_0_4
Experiment 3: Inner,15,1425,3,3,1,Line,R_0_15,S_0_8
Experiment 3: Inner,15,1426,3,3,2,Line,R_0_15,S_0_1
Experiment 3: Inner,15,1427,3,3,3,Line,R_0_15,S_0_2
Experiment 3: Inner,15,1428,3,3,4,Line,R_0_15,S_0_1
Experiment 3: Inner,15,1429,3,3,5,Line,R_0_15,S_0_2
Experiment 3: Inner,15,1430,3,3,6,Line,R_0_15,S_0_4
Experiment 3: Inner,15,1431,3,3,7,Line,R_0_15,S_0_8
Experiment 3: Inner,15,1432,3,3,8,Line,R_0_15,S_0_4
Experiment 3: Inner,15,1433,3,4,1,Line,R_0_05,S_0_8
Experiment 3: Inner,15,1434,3,4,2,Line,R_0_05,S_0_1
Experiment 3: Inner,15,1435,3,4,3,Line,R_0_05,S_0_2
Experiment 3: Inner,15,1436,3,4,4,Line,R_0_05,S_0_1
Experiment 3: Inner,15,1437,3,4,5,Line,R_0_05,S_0_2
Experiment 3: Inner,15,1438,3,4,6,Line,R_0_05,S_0_4
Experiment 3: Inner,15,1439,3,4,7,Line,R_0_05,S_0_8
Experiment 3: Inner,15,1440,3,4,8,Line,R_0_05,S_0_4
